Z_0,gene,abs_loading,factor,Z_1,Z_2,Z_3,Z_4,Z_5,Z_6,Z_7,Z_8,Z_9,Z_10,Z_11,Z_12,Z_13,Z_14,Z_15,Z_16,Z_17,Z_18,Z_19
0.37007627,ENSG00000173467.9,0.37007627,Z_0,,,,,,,,,,,,,,,,,,,
-0.30888703,ENSG00000172725.14,0.30888703,Z_0,,,,,,,,,,,,,,,,,,,
0.30242282,ENSG00000164822.5,0.30242282,Z_0,,,,,,,,,,,,,,,,,,,
-0.28064424,ENSG00000113282.14,0.28064424,Z_0,,,,,,,,,,,,,,,,,,,
-0.27347615,ENSG00000135919.14,0.27347615,Z_0,,,,,,,,,,,,,,,,,,,
0.2681553,ENSG00000234745.13,0.2681553,Z_0,,,,,,,,,,,,,,,,,,,
0.26079684,ENSG00000166143.10,0.26079684,Z_0,,,,,,,,,,,,,,,,,,,
-0.2544314,ENSG00000122711.9,0.2544314,Z_0,,,,,,,,,,,,,,,,,,,
-0.24892855,ENSG00000115386.6,0.24892855,Z_0,,,,,,,,,,,,,,,,,,,
-0.24843113,ENSG00000211896.7,0.24843113,Z_0,,,,,,,,,,,,,,,,,,,
0.23903851,ENSG00000113810.16,0.23903851,Z_0,,,,,,,,,,,,,,,,,,,
-0.2344253,ENSG00000197457.10,0.2344253,Z_0,,,,,,,,,,,,,,,,,,,
-0.23286386,ENSG00000179674.4,0.23286386,Z_0,,,,,,,,,,,,,,,,,,,
-0.22729376,ENSG00000204389.10,0.22729376,Z_0,,,,,,,,,,,,,,,,,,,
0.22386548,ENSG00000155850.8,0.22386548,Z_0,,,,,,,,,,,,,,,,,,,
-0.22334555,ENSG00000134193.15,0.22334555,Z_0,,,,,,,,,,,,,,,,,,,
-0.22146295,ENSG00000274213.1,0.22146295,Z_0,,,,,,,,,,,,,,,,,,,
0.22099933,ENSG00000085231.14,0.22099933,Z_0,,,,,,,,,,,,,,,,,,,
-0.2184219,ENSG00000183036.11,0.2184219,Z_0,,,,,,,,,,,,,,,,,,,
-0.21798597,ENSG00000057608.17,0.21798597,Z_0,,,,,,,,,,,,,,,,,,,
-0.21776548,ENSG00000115816.15,0.21776548,Z_0,,,,,,,,,,,,,,,,,,,
-0.21680363,ENSG00000145730.21,0.21680363,Z_0,,,,,,,,,,,,,,,,,,,
0.21664885,ENSG00000172831.14,0.21664885,Z_0,,,,,,,,,,,,,,,,,,,
0.2153508,ENSG00000112562.19,0.2153508,Z_0,,,,,,,,,,,,,,,,,,,
0.2140675,ENSG00000172016.16,0.2140675,Z_0,,,,,,,,,,,,,,,,,,,
0.21334283,ENSG00000007952.18,0.21334283,Z_0,,,,,,,,,,,,,,,,,,,
-0.21233998,ENSG00000134779.15,0.21233998,Z_0,,,,,,,,,,,,,,,,,,,
0.21203813,ENSG00000132780.17,0.21203813,Z_0,,,,,,,,,,,,,,,,,,,
0.21185665,ENSG00000173702.7,0.21185665,Z_0,,,,,,,,,,,,,,,,,,,
0.21013789,ENSG00000182600.9,0.21013789,Z_0,,,,,,,,,,,,,,,,,,,
0.20655942,ENSG00000163435.16,0.20655942,Z_0,,,,,,,,,,,,,,,,,,,
0.20635846,ENSG00000133119.13,0.20635846,Z_0,,,,,,,,,,,,,,,,,,,
-0.20291318,ENSG00000197273.4,0.20291318,Z_0,,,,,,,,,,,,,,,,,,,
0.2014851,ENSG00000117523.17,0.2014851,Z_0,,,,,,,,,,,,,,,,,,,
0.20061712,ENSG00000140391.15,0.20061712,Z_0,,,,,,,,,,,,,,,,,,,
-0.20007722,ENSG00000106066.15,0.20007722,Z_0,,,,,,,,,,,,,,,,,,,
-0.19960603,ENSG00000136783.10,0.19960603,Z_0,,,,,,,,,,,,,,,,,,,
-0.19803119,ENSG00000103355.14,0.19803119,Z_0,,,,,,,,,,,,,,,,,,,
-0.19683988,ENSG00000103534.17,0.19683988,Z_0,,,,,,,,,,,,,,,,,,,
-0.19540021,ENSG00000106258.15,0.19540021,Z_0,,,,,,,,,,,,,,,,,,,
0.19523641,ENSG00000066279.19,0.19523641,Z_0,,,,,,,,,,,,,,,,,,,
-0.19479544,ENSG00000158411.11,0.19479544,Z_0,,,,,,,,,,,,,,,,,,,
-0.19398241,ENSG00000137500.9,0.19398241,Z_0,,,,,,,,,,,,,,,,,,,
-0.1935705,ENSG00000160180.17,0.1935705,Z_0,,,,,,,,,,,,,,,,,,,
0.19293785,ENSG00000205277.10,0.19293785,Z_0,,,,,,,,,,,,,,,,,,,
-0.19117598,ENSG00000160182.3,0.19117598,Z_0,,,,,,,,,,,,,,,,,,,
0.18539058,ENSG00000127324.9,0.18539058,Z_0,,,,,,,,,,,,,,,,,,,
0.18387574,ENSG00000073067.14,0.18387574,Z_0,,,,,,,,,,,,,,,,,,,
-0.18173458,ENSG00000114115.10,0.18173458,Z_0,,,,,,,,,,,,,,,,,,,
-0.18130906,ENSG00000196950.14,0.18130906,Z_0,,,,,,,,,,,,,,,,,,,
,ENSG00000134057.15,0.424981,Z_1,-0.424981,,,,,,,,,,,,,,,,,,
,ENSG00000170312.16,0.3896747,Z_1,-0.3896747,,,,,,,,,,,,,,,,,,
,ENSG00000088325.16,0.36616927,Z_1,-0.36616927,,,,,,,,,,,,,,,,,,
,ENSG00000198786.2,0.35531676,Z_1,0.35531676,,,,,,,,,,,,,,,,,,
,ENSG00000198695.2,0.3236248,Z_1,0.3236248,,,,,,,,,,,,,,,,,,
,ENSG00000122711.9,0.32251397,Z_1,-0.32251397,,,,,,,,,,,,,,,,,,
,ENSG00000178999.13,0.31733808,Z_1,-0.31733808,,,,,,,,,,,,,,,,,,
,ENSG00000136108.15,0.30278283,Z_1,-0.30278283,,,,,,,,,,,,,,,,,,
,ENSG00000160932.11,0.29545462,Z_1,-0.29545462,,,,,,,,,,,,,,,,,,
,ENSG00000120509.11,0.2913149,Z_1,-0.2913149,,,,,,,,,,,,,,,,,,
,ENSG00000171202.7,0.28354746,Z_1,-0.28354746,,,,,,,,,,,,,,,,,,
,ENSG00000110911.17,0.27954426,Z_1,0.27954426,,,,,,,,,,,,,,,,,,
,ENSG00000174992.8,0.27660242,Z_1,0.27660242,,,,,,,,,,,,,,,,,,
,ENSG00000167325.15,0.27152696,Z_1,-0.27152696,,,,,,,,,,,,,,,,,,
,ENSG00000104320.14,0.27047116,Z_1,-0.27047116,,,,,,,,,,,,,,,,,,
,ENSG00000131724.11,0.26860055,Z_1,0.26860055,,,,,,,,,,,,,,,,,,
,ENSG00000156603.19,0.2647965,Z_1,-0.2647965,,,,,,,,,,,,,,,,,,
,ENSG00000029993.15,0.25991097,Z_1,-0.25991097,,,,,,,,,,,,,,,,,,
,ENSG00000019582.16,0.25940147,Z_1,-0.25940147,,,,,,,,,,,,,,,,,,
,ENSG00000211592.8,0.25852564,Z_1,-0.25852564,,,,,,,,,,,,,,,,,,
,ENSG00000111665.12,0.2545088,Z_1,-0.2545088,,,,,,,,,,,,,,,,,,
,ENSG00000164104.12,0.2522464,Z_1,-0.2522464,,,,,,,,,,,,,,,,,,
,ENSG00000144354.14,0.2506554,Z_1,-0.2506554,,,,,,,,,,,,,,,,,,
,ENSG00000000419.14,0.24554418,Z_1,-0.24554418,,,,,,,,,,,,,,,,,,
,ENSG00000167797.8,0.24122433,Z_1,-0.24122433,,,,,,,,,,,,,,,,,,
,ENSG00000097033.14,0.24043621,Z_1,-0.24043621,,,,,,,,,,,,,,,,,,
,ENSG00000077152.11,0.23700182,Z_1,-0.23700182,,,,,,,,,,,,,,,,,,
,ENSG00000148346.12,0.23489885,Z_1,-0.23489885,,,,,,,,,,,,,,,,,,
,ENSG00000162896.6,0.23405674,Z_1,0.23405674,,,,,,,,,,,,,,,,,,
,ENSG00000163220.11,0.23219322,Z_1,-0.23219322,,,,,,,,,,,,,,,,,,
,ENSG00000066279.19,0.2314972,Z_1,-0.2314972,,,,,,,,,,,,,,,,,,
,ENSG00000203760.9,0.22908892,Z_1,-0.22908892,,,,,,,,,,,,,,,,,,
,ENSG00000214049.8,0.22372459,Z_1,-0.22372459,,,,,,,,,,,,,,,,,,
,ENSG00000177984.7,0.21974996,Z_1,0.21974996,,,,,,,,,,,,,,,,,,
,ENSG00000211897.9,0.2188792,Z_1,-0.2188792,,,,,,,,,,,,,,,,,,
,ENSG00000182600.9,0.21870315,Z_1,0.21870315,,,,,,,,,,,,,,,,,,
,ENSG00000126709.16,0.21742468,Z_1,-0.21742468,,,,,,,,,,,,,,,,,,
,ENSG00000152240.13,0.21573754,Z_1,-0.21573754,,,,,,,,,,,,,,,,,,
,ENSG00000197324.9,0.21387658,Z_1,0.21387658,,,,,,,,,,,,,,,,,,
,ENSG00000106258.15,0.21283966,Z_1,0.21283966,,,,,,,,,,,,,,,,,,
,ENSG00000178878.13,0.21269801,Z_1,0.21269801,,,,,,,,,,,,,,,,,,
,ENSG00000165480.16,0.21239194,Z_1,-0.21239194,,,,,,,,,,,,,,,,,,
,ENSG00000101361.17,0.20950042,Z_1,0.20950042,,,,,,,,,,,,,,,,,,
,ENSG00000021300.14,0.20571853,Z_1,0.20571853,,,,,,,,,,,,,,,,,,
,ENSG00000143416.21,0.20556642,Z_1,0.20556642,,,,,,,,,,,,,,,,,,
,ENSG00000134240.12,0.20490603,Z_1,0.20490603,,,,,,,,,,,,,,,,,,
,ENSG00000134905.17,0.20346849,Z_1,-0.20346849,,,,,,,,,,,,,,,,,,
,ENSG00000105849.6,0.20250651,Z_1,-0.20250651,,,,,,,,,,,,,,,,,,
,ENSG00000196260.5,0.2023704,Z_1,0.2023704,,,,,,,,,,,,,,,,,,
,ENSG00000100097.12,0.20062587,Z_1,-0.20062587,,,,,,,,,,,,,,,,,,
,ENSG00000204389.10,0.45156565,Z_2,,0.45156565,,,,,,,,,,,,,,,,,
,ENSG00000160180.17,0.3944727,Z_2,,0.3944727,,,,,,,,,,,,,,,,,
,ENSG00000100526.20,0.34039176,Z_2,,-0.34039176,,,,,,,,,,,,,,,,,
,ENSG00000155850.8,0.33169794,Z_2,,0.33169794,,,,,,,,,,,,,,,,,
,ENSG00000164822.5,0.31128746,Z_2,,-0.31128746,,,,,,,,,,,,,,,,,
,ENSG00000112818.11,0.29981804,Z_2,,0.29981804,,,,,,,,,,,,,,,,,
,ENSG00000069482.7,0.29806548,Z_2,,-0.29806548,,,,,,,,,,,,,,,,,
,ENSG00000124102.5,0.27616525,Z_2,,0.27616525,,,,,,,,,,,,,,,,,
,ENSG00000162896.6,0.27063867,Z_2,,0.27063867,,,,,,,,,,,,,,,,,
,ENSG00000050405.13,0.26613808,Z_2,,0.26613808,,,,,,,,,,,,,,,,,
,ENSG00000163586.10,0.25732964,Z_2,,0.25732964,,,,,,,,,,,,,,,,,
,ENSG00000101333.18,0.25572446,Z_2,,0.25572446,,,,,,,,,,,,,,,,,
,ENSG00000211892.4,0.25189784,Z_2,,0.25189784,,,,,,,,,,,,,,,,,
,ENSG00000122952.17,0.24374676,Z_2,,-0.24374676,,,,,,,,,,,,,,,,,
,ENSG00000244509.4,0.24011096,Z_2,,0.24011096,,,,,,,,,,,,,,,,,
,ENSG00000002726.21,0.23247352,Z_2,,0.23247352,,,,,,,,,,,,,,,,,
,ENSG00000114115.10,0.22995582,Z_2,,-0.22995582,,,,,,,,,,,,,,,,,
,ENSG00000214049.8,0.22764577,Z_2,,-0.22764577,,,,,,,,,,,,,,,,,
,ENSG00000131981.16,0.22566478,Z_2,,0.22566478,,,,,,,,,,,,,,,,,
,ENSG00000130164.14,0.2253256,Z_2,,0.2253256,,,,,,,,,,,,,,,,,
,ENSG00000019582.16,0.21699338,Z_2,,0.21699338,,,,,,,,,,,,,,,,,
,ENSG00000079459.13,0.21668398,Z_2,,0.21668398,,,,,,,,,,,,,,,,,
,ENSG00000138182.15,0.21543716,Z_2,,-0.21543716,,,,,,,,,,,,,,,,,
,ENSG00000196950.14,0.21164294,Z_2,,0.21164294,,,,,,,,,,,,,,,,,
,ENSG00000124253.11,0.21000317,Z_2,,0.21000317,,,,,,,,,,,,,,,,,
,ENSG00000154978.13,0.20849401,Z_2,,-0.20849401,,,,,,,,,,,,,,,,,
,ENSG00000084073.10,0.20770697,Z_2,,-0.20770697,,,,,,,,,,,,,,,,,
,ENSG00000132434.10,0.2067715,Z_2,,-0.2067715,,,,,,,,,,,,,,,,,
,ENSG00000162366.8,0.20562755,Z_2,,0.20562755,,,,,,,,,,,,,,,,,
,ENSG00000086548.9,0.20535016,Z_2,,0.20535016,,,,,,,,,,,,,,,,,
,ENSG00000061794.13,0.20459491,Z_2,,-0.20459491,,,,,,,,,,,,,,,,,
,ENSG00000117394.24,0.20395537,Z_2,,0.20395537,,,,,,,,,,,,,,,,,
,ENSG00000125378.16,0.20336848,Z_2,,-0.20336848,,,,,,,,,,,,,,,,,
,ENSG00000104765.16,0.20333152,Z_2,,0.20333152,,,,,,,,,,,,,,,,,
,ENSG00000167900.12,0.20271415,Z_2,,-0.20271415,,,,,,,,,,,,,,,,,
,ENSG00000111247.15,0.20164219,Z_2,,-0.20164219,,,,,,,,,,,,,,,,,
,ENSG00000245532.9,0.19874175,Z_2,,0.19874175,,,,,,,,,,,,,,,,,
,ENSG00000135046.14,0.19776952,Z_2,,0.19776952,,,,,,,,,,,,,,,,,
,ENSG00000126709.16,0.19692187,Z_2,,-0.19692187,,,,,,,,,,,,,,,,,
,ENSG00000125844.16,0.19490407,Z_2,,0.19490407,,,,,,,,,,,,,,,,,
,ENSG00000139116.19,0.19435842,Z_2,,0.19435842,,,,,,,,,,,,,,,,,
,ENSG00000173467.9,0.19420241,Z_2,,0.19420241,,,,,,,,,,,,,,,,,
,ENSG00000237643.2,0.19413519,Z_2,,0.19413519,,,,,,,,,,,,,,,,,
,ENSG00000143653.10,0.1940544,Z_2,,-0.1940544,,,,,,,,,,,,,,,,,
,ENSG00000211897.9,0.19370504,Z_2,,-0.19370504,,,,,,,,,,,,,,,,,
,ENSG00000224259.7,0.19291216,Z_2,,0.19291216,,,,,,,,,,,,,,,,,
,ENSG00000106628.12,0.19122508,Z_2,,-0.19122508,,,,,,,,,,,,,,,,,
,ENSG00000109787.13,0.18764594,Z_2,,0.18764594,,,,,,,,,,,,,,,,,
,ENSG00000158417.11,0.18746038,Z_2,,-0.18746038,,,,,,,,,,,,,,,,,
,ENSG00000204642.14,0.18702656,Z_2,,-0.18702656,,,,,,,,,,,,,,,,,
,ENSG00000122711.9,0.37172425,Z_3,,,0.37172425,,,,,,,,,,,,,,,,
,ENSG00000141741.12,0.3237007,Z_3,,,-0.3237007,,,,,,,,,,,,,,,,
,ENSG00000159182.5,0.2809567,Z_3,,,0.2809567,,,,,,,,,,,,,,,,
,ENSG00000131981.16,0.26887003,Z_3,,,-0.26887003,,,,,,,,,,,,,,,,
,ENSG00000237643.2,0.26004675,Z_3,,,-0.26004675,,,,,,,,,,,,,,,,
,ENSG00000141682.12,0.2579007,Z_3,,,0.2579007,,,,,,,,,,,,,,,,
,ENSG00000198938.2,0.2556534,Z_3,,,-0.2556534,,,,,,,,,,,,,,,,
,ENSG00000177984.7,0.24663922,Z_3,,,0.24663922,,,,,,,,,,,,,,,,
,ENSG00000124299.15,0.24631052,Z_3,,,0.24631052,,,,,,,,,,,,,,,,
,ENSG00000211592.8,0.24185282,Z_3,,,0.24185282,,,,,,,,,,,,,,,,
,ENSG00000132170.24,0.23966707,Z_3,,,0.23966707,,,,,,,,,,,,,,,,
,ENSG00000145632.15,0.23804547,Z_3,,,0.23804547,,,,,,,,,,,,,,,,
,ENSG00000185201.17,0.23623832,Z_3,,,-0.23623832,,,,,,,,,,,,,,,,
,ENSG00000101361.17,0.2340417,Z_3,,,0.2340417,,,,,,,,,,,,,,,,
,ENSG00000145386.11,0.23231478,Z_3,,,0.23231478,,,,,,,,,,,,,,,,
,ENSG00000197894.12,0.23034613,Z_3,,,0.23034613,,,,,,,,,,,,,,,,
,ENSG00000204525.17,0.22768259,Z_3,,,-0.22768259,,,,,,,,,,,,,,,,
,ENSG00000171431.4,0.22400823,Z_3,,,-0.22400823,,,,,,,,,,,,,,,,
,ENSG00000118523.6,0.22053578,Z_3,,,0.22053578,,,,,,,,,,,,,,,,
,ENSG00000272398.6,0.21941307,Z_3,,,-0.21941307,,,,,,,,,,,,,,,,
,ENSG00000214022.12,0.2185361,Z_3,,,-0.2185361,,,,,,,,,,,,,,,,
,ENSG00000104522.16,0.21760087,Z_3,,,-0.21760087,,,,,,,,,,,,,,,,
,ENSG00000050405.13,0.21619198,Z_3,,,-0.21619198,,,,,,,,,,,,,,,,
,ENSG00000169908.12,0.21566536,Z_3,,,0.21566536,,,,,,,,,,,,,,,,
,ENSG00000155850.8,0.21444216,Z_3,,,-0.21444216,,,,,,,,,,,,,,,,
,ENSG00000113282.14,0.2127703,Z_3,,,-0.2127703,,,,,,,,,,,,,,,,
,ENSG00000150782.12,0.20881262,Z_3,,,-0.20881262,,,,,,,,,,,,,,,,
,ENSG00000101384.12,0.20803042,Z_3,,,0.20803042,,,,,,,,,,,,,,,,
,ENSG00000266088.6,0.20718107,Z_3,,,-0.20718107,,,,,,,,,,,,,,,,
,ENSG00000124762.14,0.20589639,Z_3,,,0.20589639,,,,,,,,,,,,,,,,
,ENSG00000100097.12,0.20581417,Z_3,,,-0.20581417,,,,,,,,,,,,,,,,
,ENSG00000059728.11,0.20566237,Z_3,,,0.20566237,,,,,,,,,,,,,,,,
,ENSG00000137767.14,0.19943835,Z_3,,,-0.19943835,,,,,,,,,,,,,,,,
,ENSG00000166165.13,0.19876726,Z_3,,,0.19876726,,,,,,,,,,,,,,,,
,ENSG00000138772.13,0.19760618,Z_3,,,0.19760618,,,,,,,,,,,,,,,,
,ENSG00000128789.21,0.19445972,Z_3,,,-0.19445972,,,,,,,,,,,,,,,,
,ENSG00000068745.15,0.19445662,Z_3,,,0.19445662,,,,,,,,,,,,,,,,
,ENSG00000108384.15,0.19341098,Z_3,,,-0.19341098,,,,,,,,,,,,,,,,
,ENSG00000121691.7,0.19199711,Z_3,,,0.19199711,,,,,,,,,,,,,,,,
,ENSG00000002933.9,0.19023155,Z_3,,,-0.19023155,,,,,,,,,,,,,,,,
,ENSG00000104765.16,0.18956174,Z_3,,,0.18956174,,,,,,,,,,,,,,,,
,ENSG00000151929.10,0.1882951,Z_3,,,0.1882951,,,,,,,,,,,,,,,,
,ENSG00000158411.11,0.18758863,Z_3,,,-0.18758863,,,,,,,,,,,,,,,,
,ENSG00000134193.15,0.18750949,Z_3,,,0.18750949,,,,,,,,,,,,,,,,
,ENSG00000257267.3,0.18667232,Z_3,,,0.18667232,,,,,,,,,,,,,,,,
,ENSG00000108551.5,0.18627706,Z_3,,,0.18627706,,,,,,,,,,,,,,,,
,ENSG00000129824.16,0.18546395,Z_3,,,-0.18546395,,,,,,,,,,,,,,,,
,ENSG00000163527.10,0.18505323,Z_3,,,0.18505323,,,,,,,,,,,,,,,,
,ENSG00000164342.13,0.18411116,Z_3,,,0.18411116,,,,,,,,,,,,,,,,
,ENSG00000125144.14,0.1839267,Z_3,,,0.1839267,,,,,,,,,,,,,,,,
,ENSG00000198695.2,0.30273318,Z_4,,,,0.30273318,,,,,,,,,,,,,,,
,ENSG00000101353.15,0.28734753,Z_4,,,,0.28734753,,,,,,,,,,,,,,,
,ENSG00000172831.14,0.28209668,Z_4,,,,0.28209668,,,,,,,,,,,,,,,
,ENSG00000145730.21,0.26873246,Z_4,,,,0.26873246,,,,,,,,,,,,,,,
,ENSG00000182600.9,0.26428097,Z_4,,,,0.26428097,,,,,,,,,,,,,,,
,ENSG00000114315.4,0.2615071,Z_4,,,,0.2615071,,,,,,,,,,,,,,,
,ENSG00000198938.2,0.25116962,Z_4,,,,0.25116962,,,,,,,,,,,,,,,
,ENSG00000114857.18,0.24757297,Z_4,,,,0.24757297,,,,,,,,,,,,,,,
,ENSG00000125144.14,0.24346678,Z_4,,,,0.24346678,,,,,,,,,,,,,,,
,ENSG00000155850.8,0.24247763,Z_4,,,,0.24247763,,,,,,,,,,,,,,,
,ENSG00000137563.13,0.24243388,Z_4,,,,-0.24243388,,,,,,,,,,,,,,,
,ENSG00000017483.15,0.24216087,Z_4,,,,-0.24216087,,,,,,,,,,,,,,,
,ENSG00000057608.17,0.24069753,Z_4,,,,-0.24069753,,,,,,,,,,,,,,,
,ENSG00000002726.21,0.23536943,Z_4,,,,0.23536943,,,,,,,,,,,,,,,
,ENSG00000187840.5,0.23364282,Z_4,,,,-0.23364282,,,,,,,,,,,,,,,
,ENSG00000126709.16,0.23204377,Z_4,,,,0.23204377,,,,,,,,,,,,,,,
,ENSG00000163586.10,0.22930558,Z_4,,,,0.22930558,,,,,,,,,,,,,,,
,ENSG00000106268.16,0.22850998,Z_4,,,,-0.22850998,,,,,,,,,,,,,,,
,ENSG00000101333.18,0.22687267,Z_4,,,,0.22687267,,,,,,,,,,,,,,,
,ENSG00000112562.19,0.22685835,Z_4,,,,-0.22685835,,,,,,,,,,,,,,,
,ENSG00000087586.18,0.22634989,Z_4,,,,-0.22634989,,,,,,,,,,,,,,,
,ENSG00000196352.16,0.22616869,Z_4,,,,0.22616869,,,,,,,,,,,,,,,
,ENSG00000268621.6,0.22524843,Z_4,,,,-0.22524843,,,,,,,,,,,,,,,
,ENSG00000132541.11,0.22287714,Z_4,,,,-0.22287714,,,,,,,,,,,,,,,
,ENSG00000141682.12,0.22258839,Z_4,,,,-0.22258839,,,,,,,,,,,,,,,
,ENSG00000160551.12,0.22258458,Z_4,,,,-0.22258458,,,,,,,,,,,,,,,
,ENSG00000163993.7,0.21994352,Z_4,,,,-0.21994352,,,,,,,,,,,,,,,
,ENSG00000101384.12,0.2199428,Z_4,,,,0.2199428,,,,,,,,,,,,,,,
,ENSG00000129824.16,0.21972886,Z_4,,,,0.21972886,,,,,,,,,,,,,,,
,ENSG00000171456.20,0.21855447,Z_4,,,,0.21855447,,,,,,,,,,,,,,,
,ENSG00000144354.14,0.216812,Z_4,,,,-0.216812,,,,,,,,,,,,,,,
,ENSG00000108244.17,0.21636218,Z_4,,,,0.21636218,,,,,,,,,,,,,,,
,ENSG00000170312.16,0.21585459,Z_4,,,,-0.21585459,,,,,,,,,,,,,,,
,ENSG00000185222.10,0.21500646,Z_4,,,,0.21500646,,,,,,,,,,,,,,,
,ENSG00000198786.2,0.21436475,Z_4,,,,0.21436475,,,,,,,,,,,,,,,
,ENSG00000046647.14,0.2139453,Z_4,,,,-0.2139453,,,,,,,,,,,,,,,
,ENSG00000065154.12,0.2103885,Z_4,,,,-0.2103885,,,,,,,,,,,,,,,
,ENSG00000145386.11,0.21005186,Z_4,,,,-0.21005186,,,,,,,,,,,,,,,
,ENSG00000140961.14,0.20937878,Z_4,,,,0.20937878,,,,,,,,,,,,,,,
,ENSG00000130720.13,0.20813696,Z_4,,,,0.20813696,,,,,,,,,,,,,,,
,ENSG00000170113.16,0.20369987,Z_4,,,,0.20369987,,,,,,,,,,,,,,,
,ENSG00000188257.12,0.20343177,Z_4,,,,0.20343177,,,,,,,,,,,,,,,
,ENSG00000151500.15,0.20292184,Z_4,,,,-0.20292184,,,,,,,,,,,,,,,
,ENSG00000140279.13,0.20268361,Z_4,,,,0.20268361,,,,,,,,,,,,,,,
,ENSG00000175606.11,0.20207012,Z_4,,,,-0.20207012,,,,,,,,,,,,,,,
,ENSG00000186395.9,0.20035377,Z_4,,,,0.20035377,,,,,,,,,,,,,,,
,ENSG00000106628.12,0.2002304,Z_4,,,,-0.2002304,,,,,,,,,,,,,,,
,ENSG00000214078.13,0.19969396,Z_4,,,,-0.19969396,,,,,,,,,,,,,,,
,ENSG00000015413.9,0.19920687,Z_4,,,,0.19920687,,,,,,,,,,,,,,,
,ENSG00000189325.7,0.19557533,Z_4,,,,0.19557533,,,,,,,,,,,,,,,
,ENSG00000204389.10,0.46342283,Z_5,,,,,-0.46342283,,,,,,,,,,,,,,
,ENSG00000164822.5,0.28631642,Z_5,,,,,0.28631642,,,,,,,,,,,,,,
,ENSG00000170312.16,0.28365996,Z_5,,,,,0.28365996,,,,,,,,,,,,,,
,ENSG00000137673.9,0.26937455,Z_5,,,,,-0.26937455,,,,,,,,,,,,,,
,ENSG00000147804.10,0.2653889,Z_5,,,,,-0.2653889,,,,,,,,,,,,,,
,ENSG00000204397.9,0.26105532,Z_5,,,,,-0.26105532,,,,,,,,,,,,,,
,ENSG00000211677.2,0.256422,Z_5,,,,,-0.256422,,,,,,,,,,,,,,
,ENSG00000169245.6,0.25512066,Z_5,,,,,0.25512066,,,,,,,,,,,,,,
,ENSG00000122711.9,0.25486493,Z_5,,,,,0.25486493,,,,,,,,,,,,,,
,ENSG00000112818.11,0.24903624,Z_5,,,,,-0.24903624,,,,,,,,,,,,,,
,ENSG00000150782.12,0.2387218,Z_5,,,,,-0.2387218,,,,,,,,,,,,,,
,ENSG00000106211.10,0.23265643,Z_5,,,,,-0.23265643,,,,,,,,,,,,,,
,ENSG00000147676.14,0.23206142,Z_5,,,,,0.23206142,,,,,,,,,,,,,,
,ENSG00000102265.12,0.23109308,Z_5,,,,,-0.23109308,,,,,,,,,,,,,,
,ENSG00000162366.8,0.22977445,Z_5,,,,,-0.22977445,,,,,,,,,,,,,,
,ENSG00000165171.11,0.22773653,Z_5,,,,,-0.22773653,,,,,,,,,,,,,,
,ENSG00000196950.14,0.2227031,Z_5,,,,,0.2227031,,,,,,,,,,,,,,
,ENSG00000097033.14,0.22152081,Z_5,,,,,-0.22152081,,,,,,,,,,,,,,
,ENSG00000234745.13,0.22028422,Z_5,,,,,-0.22028422,,,,,,,,,,,,,,
,ENSG00000164615.6,0.21803904,Z_5,,,,,-0.21803904,,,,,,,,,,,,,,
,ENSG00000127125.9,0.21682248,Z_5,,,,,0.21682248,,,,,,,,,,,,,,
,ENSG00000134193.15,0.21448183,Z_5,,,,,0.21448183,,,,,,,,,,,,,,
,ENSG00000204642.14,0.21125217,Z_5,,,,,-0.21125217,,,,,,,,,,,,,,
,ENSG00000188373.5,0.20445305,Z_5,,,,,0.20445305,,,,,,,,,,,,,,
,ENSG00000086548.9,0.20437814,Z_5,,,,,-0.20437814,,,,,,,,,,,,,,
,ENSG00000141027.21,0.20099758,Z_5,,,,,0.20099758,,,,,,,,,,,,,,
,ENSG00000163032.12,0.19783634,Z_5,,,,,-0.19783634,,,,,,,,,,,,,,
,ENSG00000184678.10,0.19578296,Z_5,,,,,0.19578296,,,,,,,,,,,,,,
,ENSG00000106066.15,0.1945756,Z_5,,,,,-0.1945756,,,,,,,,,,,,,,
,ENSG00000117632.23,0.19352898,Z_5,,,,,-0.19352898,,,,,,,,,,,,,,
,ENSG00000171204.13,0.19180498,Z_5,,,,,-0.19180498,,,,,,,,,,,,,,
,ENSG00000111196.10,0.18997318,Z_5,,,,,0.18997318,,,,,,,,,,,,,,
,ENSG00000143416.21,0.18671943,Z_5,,,,,0.18671943,,,,,,,,,,,,,,
,ENSG00000140279.13,0.18638805,Z_5,,,,,0.18638805,,,,,,,,,,,,,,
,ENSG00000111802.14,0.18537396,Z_5,,,,,0.18537396,,,,,,,,,,,,,,
,ENSG00000285219.2,0.18507263,Z_5,,,,,0.18507263,,,,,,,,,,,,,,
,ENSG00000120738.8,0.1830925,Z_5,,,,,-0.1830925,,,,,,,,,,,,,,
,ENSG00000145833.16,0.18135095,Z_5,,,,,0.18135095,,,,,,,,,,,,,,
,ENSG00000145386.11,0.18124601,Z_5,,,,,0.18124601,,,,,,,,,,,,,,
,ENSG00000211896.7,0.17960343,Z_5,,,,,-0.17960343,,,,,,,,,,,,,,
,ENSG00000136986.10,0.17828357,Z_5,,,,,-0.17828357,,,,,,,,,,,,,,
,ENSG00000106268.16,0.17737196,Z_5,,,,,-0.17737196,,,,,,,,,,,,,,
,ENSG00000134757.5,0.17730707,Z_5,,,,,0.17730707,,,,,,,,,,,,,,
,ENSG00000139292.13,0.17647803,Z_5,,,,,-0.17647803,,,,,,,,,,,,,,
,ENSG00000110442.12,0.17370594,Z_5,,,,,-0.17370594,,,,,,,,,,,,,,
,ENSG00000014216.16,0.17226924,Z_5,,,,,-0.17226924,,,,,,,,,,,,,,
,ENSG00000253738.2,0.17136993,Z_5,,,,,-0.17136993,,,,,,,,,,,,,,
,ENSG00000198467.16,0.17123757,Z_5,,,,,-0.17123757,,,,,,,,,,,,,,
,ENSG00000019582.16,0.17088123,Z_5,,,,,-0.17088123,,,,,,,,,,,,,,
,ENSG00000143167.12,0.16968398,Z_5,,,,,0.16968398,,,,,,,,,,,,,,
,ENSG00000182600.9,0.45480952,Z_6,,,,,,0.45480952,,,,,,,,,,,,,
,ENSG00000148346.12,0.38199657,Z_6,,,,,,-0.38199657,,,,,,,,,,,,,
,ENSG00000211592.8,0.37770933,Z_6,,,,,,-0.37770933,,,,,,,,,,,,,
,ENSG00000112562.19,0.33191758,Z_6,,,,,,0.33191758,,,,,,,,,,,,,
,ENSG00000117523.17,0.29850852,Z_6,,,,,,-0.29850852,,,,,,,,,,,,,
,ENSG00000115009.13,0.29805487,Z_6,,,,,,-0.29805487,,,,,,,,,,,,,
,ENSG00000211897.9,0.28991824,Z_6,,,,,,-0.28991824,,,,,,,,,,,,,
,ENSG00000139517.9,0.27843004,Z_6,,,,,,0.27843004,,,,,,,,,,,,,
,ENSG00000086548.9,0.25810894,Z_6,,,,,,-0.25810894,,,,,,,,,,,,,
,ENSG00000214022.12,0.25683036,Z_6,,,,,,0.25683036,,,,,,,,,,,,,
,ENSG00000251562.8,0.24573398,Z_6,,,,,,-0.24573398,,,,,,,,,,,,,
,ENSG00000120738.8,0.2398617,Z_6,,,,,,-0.2398617,,,,,,,,,,,,,
,ENSG00000268621.6,0.23708653,Z_6,,,,,,0.23708653,,,,,,,,,,,,,
,ENSG00000104537.17,0.23700783,Z_6,,,,,,0.23700783,,,,,,,,,,,,,
,ENSG00000091138.13,0.22081847,Z_6,,,,,,-0.22081847,,,,,,,,,,,,,
,ENSG00000157456.8,0.21801059,Z_6,,,,,,0.21801059,,,,,,,,,,,,,
,ENSG00000162896.6,0.21747333,Z_6,,,,,,-0.21747333,,,,,,,,,,,,,
,ENSG00000178999.13,0.216271,Z_6,,,,,,0.216271,,,,,,,,,,,,,
,ENSG00000143401.15,0.21400996,Z_6,,,,,,0.21400996,,,,,,,,,,,,,
,ENSG00000151500.15,0.21264067,Z_6,,,,,,0.21264067,,,,,,,,,,,,,
,ENSG00000099194.6,0.21059823,Z_6,,,,,,-0.21059823,,,,,,,,,,,,,
,ENSG00000179674.4,0.20682643,Z_6,,,,,,-0.20682643,,,,,,,,,,,,,
,ENSG00000173334.4,0.20623559,Z_6,,,,,,-0.20623559,,,,,,,,,,,,,
,ENSG00000070081.17,0.20588972,Z_6,,,,,,0.20588972,,,,,,,,,,,,,
,ENSG00000160551.12,0.20191969,Z_6,,,,,,0.20191969,,,,,,,,,,,,,
,ENSG00000106066.15,0.20183122,Z_6,,,,,,0.20183122,,,,,,,,,,,,,
,ENSG00000142089.17,0.20026383,Z_6,,,,,,0.20026383,,,,,,,,,,,,,
,ENSG00000158411.11,0.20002104,Z_6,,,,,,0.20002104,,,,,,,,,,,,,
,ENSG00000133119.13,0.19887172,Z_6,,,,,,0.19887172,,,,,,,,,,,,,
,ENSG00000198692.10,0.19875993,Z_6,,,,,,0.19875993,,,,,,,,,,,,,
,ENSG00000165171.11,0.19734642,Z_6,,,,,,0.19734642,,,,,,,,,,,,,
,ENSG00000154380.17,0.1959513,Z_6,,,,,,0.1959513,,,,,,,,,,,,,
,ENSG00000149196.16,0.19460867,Z_6,,,,,,0.19460867,,,,,,,,,,,,,
,ENSG00000104320.14,0.19345453,Z_6,,,,,,0.19345453,,,,,,,,,,,,,
,ENSG00000187840.5,0.19272128,Z_6,,,,,,0.19272128,,,,,,,,,,,,,
,ENSG00000171202.7,0.19093558,Z_6,,,,,,0.19093558,,,,,,,,,,,,,
,ENSG00000125968.9,0.19076748,Z_6,,,,,,-0.19076748,,,,,,,,,,,,,
,ENSG00000173110.8,0.1907491,Z_6,,,,,,0.1907491,,,,,,,,,,,,,
,ENSG00000136783.10,0.19057527,Z_6,,,,,,0.19057527,,,,,,,,,,,,,
,ENSG00000128944.13,0.19027331,Z_6,,,,,,0.19027331,,,,,,,,,,,,,
,ENSG00000197273.4,0.18863645,Z_6,,,,,,-0.18863645,,,,,,,,,,,,,
,ENSG00000069482.7,0.1880672,Z_6,,,,,,0.1880672,,,,,,,,,,,,,
,ENSG00000278505.5,0.18674341,Z_6,,,,,,0.18674341,,,,,,,,,,,,,
,ENSG00000128789.21,0.18650216,Z_6,,,,,,0.18650216,,,,,,,,,,,,,
,ENSG00000130513.6,0.18555468,Z_6,,,,,,-0.18555468,,,,,,,,,,,,,
,ENSG00000145220.14,0.18514201,Z_6,,,,,,0.18514201,,,,,,,,,,,,,
,ENSG00000134057.15,0.1843096,Z_6,,,,,,0.1843096,,,,,,,,,,,,,
,ENSG00000120509.11,0.1826558,Z_6,,,,,,0.1826558,,,,,,,,,,,,,
,ENSG00000101911.13,0.1825663,Z_6,,,,,,0.1825663,,,,,,,,,,,,,
,ENSG00000185201.17,0.18162793,Z_6,,,,,,0.18162793,,,,,,,,,,,,,
,ENSG00000159658.15,0.26017997,Z_7,,,,,,,-0.26017997,,,,,,,,,,,,
,ENSG00000122711.9,0.25928065,Z_7,,,,,,,0.25928065,,,,,,,,,,,,
,ENSG00000162896.6,0.25541335,Z_7,,,,,,,-0.25541335,,,,,,,,,,,,
,ENSG00000178999.13,0.24914387,Z_7,,,,,,,0.24914387,,,,,,,,,,,,
,ENSG00000125775.15,0.24395834,Z_7,,,,,,,-0.24395834,,,,,,,,,,,,
,ENSG00000163435.16,0.24148318,Z_7,,,,,,,0.24148318,,,,,,,,,,,,
,ENSG00000164104.12,0.23388214,Z_7,,,,,,,0.23388214,,,,,,,,,,,,
,ENSG00000137767.14,0.2303889,Z_7,,,,,,,-0.2303889,,,,,,,,,,,,
,ENSG00000143401.15,0.22952786,Z_7,,,,,,,0.22952786,,,,,,,,,,,,
,ENSG00000197273.4,0.22819237,Z_7,,,,,,,-0.22819237,,,,,,,,,,,,
,ENSG00000142089.17,0.222414,Z_7,,,,,,,0.222414,,,,,,,,,,,,
,ENSG00000177984.7,0.21845311,Z_7,,,,,,,-0.21845311,,,,,,,,,,,,
,ENSG00000101353.15,0.21834907,Z_7,,,,,,,0.21834907,,,,,,,,,,,,
,ENSG00000204385.13,0.21767215,Z_7,,,,,,,-0.21767215,,,,,,,,,,,,
,ENSG00000115386.6,0.2174397,Z_7,,,,,,,-0.2174397,,,,,,,,,,,,
,ENSG00000124253.11,0.21481,Z_7,,,,,,,-0.21481,,,,,,,,,,,,
,ENSG00000120738.8,0.21047382,Z_7,,,,,,,-0.21047382,,,,,,,,,,,,
,ENSG00000115457.10,0.20729028,Z_7,,,,,,,-0.20729028,,,,,,,,,,,,
,ENSG00000109787.13,0.20641069,Z_7,,,,,,,-0.20641069,,,,,,,,,,,,
,ENSG00000076248.11,0.20629536,Z_7,,,,,,,-0.20629536,,,,,,,,,,,,
,ENSG00000116285.13,0.203928,Z_7,,,,,,,-0.203928,,,,,,,,,,,,
,ENSG00000139289.14,0.20320736,Z_7,,,,,,,-0.20320736,,,,,,,,,,,,
,ENSG00000104522.16,0.20301947,Z_7,,,,,,,0.20301947,,,,,,,,,,,,
,ENSG00000172831.14,0.202288,Z_7,,,,,,,-0.202288,,,,,,,,,,,,
,ENSG00000173702.7,0.20191817,Z_7,,,,,,,-0.20191817,,,,,,,,,,,,
,ENSG00000138182.15,0.1974546,Z_7,,,,,,,-0.1974546,,,,,,,,,,,,
,ENSG00000141934.10,0.19733754,Z_7,,,,,,,-0.19733754,,,,,,,,,,,,
,ENSG00000173230.15,0.1934419,Z_7,,,,,,,-0.1934419,,,,,,,,,,,,
,ENSG00000215712.11,0.19114584,Z_7,,,,,,,-0.19114584,,,,,,,,,,,,
,ENSG00000007952.18,0.1901524,Z_7,,,,,,,0.1901524,,,,,,,,,,,,
,ENSG00000132170.24,0.18977712,Z_7,,,,,,,-0.18977712,,,,,,,,,,,,
,ENSG00000115414.21,0.18845657,Z_7,,,,,,,0.18845657,,,,,,,,,,,,
,ENSG00000120509.11,0.18836424,Z_7,,,,,,,0.18836424,,,,,,,,,,,,
,ENSG00000245532.9,0.18773408,Z_7,,,,,,,-0.18773408,,,,,,,,,,,,
,ENSG00000131724.11,0.18714686,Z_7,,,,,,,-0.18714686,,,,,,,,,,,,
,ENSG00000148450.13,0.18635555,Z_7,,,,,,,0.18635555,,,,,,,,,,,,
,ENSG00000127125.9,0.18440832,Z_7,,,,,,,-0.18440832,,,,,,,,,,,,
,ENSG00000197408.10,0.18284608,Z_7,,,,,,,0.18284608,,,,,,,,,,,,
,ENSG00000030582.18,0.18178244,Z_7,,,,,,,0.18178244,,,,,,,,,,,,
,ENSG00000132434.10,0.18068027,Z_7,,,,,,,-0.18068027,,,,,,,,,,,,
,ENSG00000164056.11,0.1796087,Z_7,,,,,,,-0.1796087,,,,,,,,,,,,
,ENSG00000102699.6,0.17930545,Z_7,,,,,,,-0.17930545,,,,,,,,,,,,
,ENSG00000100526.20,0.17872734,Z_7,,,,,,,0.17872734,,,,,,,,,,,,
,ENSG00000101361.17,0.1776407,Z_7,,,,,,,-0.1776407,,,,,,,,,,,,
,ENSG00000117448.14,0.17759088,Z_7,,,,,,,0.17759088,,,,,,,,,,,,
,ENSG00000160180.17,0.17606859,Z_7,,,,,,,-0.17606859,,,,,,,,,,,,
,ENSG00000101447.15,0.17338665,Z_7,,,,,,,0.17338665,,,,,,,,,,,,
,ENSG00000091138.13,0.17299083,Z_7,,,,,,,-0.17299083,,,,,,,,,,,,
,ENSG00000057294.16,0.16971055,Z_7,,,,,,,-0.16971055,,,,,,,,,,,,
,ENSG00000112562.19,0.16873458,Z_7,,,,,,,0.16873458,,,,,,,,,,,,
,ENSG00000112562.19,0.47869068,Z_8,,,,,,,,0.47869068,,,,,,,,,,,
,ENSG00000196352.16,0.3537705,Z_8,,,,,,,,-0.3537705,,,,,,,,,,,
,ENSG00000117472.10,0.3112306,Z_8,,,,,,,,-0.3112306,,,,,,,,,,,
,ENSG00000141753.7,0.30480516,Z_8,,,,,,,,-0.30480516,,,,,,,,,,,
,ENSG00000108244.17,0.29092383,Z_8,,,,,,,,-0.29092383,,,,,,,,,,,
,ENSG00000266088.6,0.27545086,Z_8,,,,,,,,-0.27545086,,,,,,,,,,,
,ENSG00000157456.8,0.27356204,Z_8,,,,,,,,0.27356204,,,,,,,,,,,
,ENSG00000198692.10,0.26876542,Z_8,,,,,,,,-0.26876542,,,,,,,,,,,
,ENSG00000134905.17,0.26658535,Z_8,,,,,,,,0.26658535,,,,,,,,,,,
,ENSG00000198786.2,0.26548553,Z_8,,,,,,,,-0.26548553,,,,,,,,,,,
,ENSG00000166143.10,0.2646226,Z_8,,,,,,,,-0.2646226,,,,,,,,,,,
,ENSG00000102445.20,0.25988683,Z_8,,,,,,,,0.25988683,,,,,,,,,,,
,ENSG00000131153.9,0.25897574,Z_8,,,,,,,,0.25897574,,,,,,,,,,,
,ENSG00000204389.10,0.25776657,Z_8,,,,,,,,0.25776657,,,,,,,,,,,
,ENSG00000197930.13,0.25454417,Z_8,,,,,,,,-0.25454417,,,,,,,,,,,
,ENSG00000172016.16,0.2538244,Z_8,,,,,,,,0.2538244,,,,,,,,,,,
,ENSG00000234745.13,0.25364545,Z_8,,,,,,,,0.25364545,,,,,,,,,,,
,ENSG00000168955.4,0.25121313,Z_8,,,,,,,,-0.25121313,,,,,,,,,,,
,ENSG00000104765.16,0.24876705,Z_8,,,,,,,,-0.24876705,,,,,,,,,,,
,ENSG00000117394.24,0.24848773,Z_8,,,,,,,,-0.24848773,,,,,,,,,,,
,ENSG00000167747.15,0.24437036,Z_8,,,,,,,,0.24437036,,,,,,,,,,,
,ENSG00000211892.4,0.24368231,Z_8,,,,,,,,0.24368231,,,,,,,,,,,
,ENSG00000103534.17,0.24060902,Z_8,,,,,,,,0.24060902,,,,,,,,,,,
,ENSG00000101353.15,0.23849393,Z_8,,,,,,,,0.23849393,,,,,,,,,,,
,ENSG00000115414.21,0.23774299,Z_8,,,,,,,,0.23774299,,,,,,,,,,,
,ENSG00000099194.6,0.23531863,Z_8,,,,,,,,-0.23531863,,,,,,,,,,,
,ENSG00000273338.1,0.23433706,Z_8,,,,,,,,0.23433706,,,,,,,,,,,
,ENSG00000104870.13,0.23386815,Z_8,,,,,,,,0.23386815,,,,,,,,,,,
,ENSG00000177685.17,0.23361664,Z_8,,,,,,,,0.23361664,,,,,,,,,,,
,ENSG00000117632.23,0.23163591,Z_8,,,,,,,,0.23163591,,,,,,,,,,,
,ENSG00000167900.12,0.22929709,Z_8,,,,,,,,0.22929709,,,,,,,,,,,
,ENSG00000086548.9,0.22832833,Z_8,,,,,,,,-0.22832833,,,,,,,,,,,
,ENSG00000123136.15,0.22771424,Z_8,,,,,,,,0.22771424,,,,,,,,,,,
,ENSG00000132792.19,0.22753638,Z_8,,,,,,,,0.22753638,,,,,,,,,,,
,ENSG00000165475.15,0.22676569,Z_8,,,,,,,,-0.22676569,,,,,,,,,,,
,ENSG00000030582.18,0.22611588,Z_8,,,,,,,,-0.22611588,,,,,,,,,,,
,ENSG00000109846.9,0.22140595,Z_8,,,,,,,,0.22140595,,,,,,,,,,,
,ENSG00000151490.15,0.22107737,Z_8,,,,,,,,0.22107737,,,,,,,,,,,
,ENSG00000100994.12,0.22029138,Z_8,,,,,,,,0.22029138,,,,,,,,,,,
,ENSG00000197019.5,0.21910515,Z_8,,,,,,,,0.21910515,,,,,,,,,,,
,ENSG00000211592.8,0.2189308,Z_8,,,,,,,,-0.2189308,,,,,,,,,,,
,ENSG00000120708.17,0.21741162,Z_8,,,,,,,,-0.21741162,,,,,,,,,,,
,ENSG00000251562.8,0.21041963,Z_8,,,,,,,,0.21041963,,,,,,,,,,,
,ENSG00000137767.14,0.20936254,Z_8,,,,,,,,-0.20936254,,,,,,,,,,,
,ENSG00000019582.16,0.20916204,Z_8,,,,,,,,0.20916204,,,,,,,,,,,
,ENSG00000141741.12,0.20891733,Z_8,,,,,,,,-0.20891733,,,,,,,,,,,
,ENSG00000101361.17,0.20847364,Z_8,,,,,,,,0.20847364,,,,,,,,,,,
,ENSG00000112818.11,0.20700502,Z_8,,,,,,,,-0.20700502,,,,,,,,,,,
,ENSG00000002726.21,0.20379303,Z_8,,,,,,,,-0.20379303,,,,,,,,,,,
,ENSG00000134827.8,0.20235176,Z_8,,,,,,,,-0.20235176,,,,,,,,,,,
,ENSG00000122711.9,0.38290358,Z_9,,,,,,,,,0.38290358,,,,,,,,,,
,ENSG00000141741.12,0.37314755,Z_9,,,,,,,,,0.37314755,,,,,,,,,,
,ENSG00000162896.6,0.36390913,Z_9,,,,,,,,,0.36390913,,,,,,,,,,
,ENSG00000162366.8,0.30926055,Z_9,,,,,,,,,0.30926055,,,,,,,,,,
,ENSG00000171124.13,0.2886838,Z_9,,,,,,,,,0.2886838,,,,,,,,,,
,ENSG00000203760.9,0.25000486,Z_9,,,,,,,,,-0.25000486,,,,,,,,,,
,ENSG00000161395.14,0.24614555,Z_9,,,,,,,,,0.24614555,,,,,,,,,,
,ENSG00000204642.14,0.24340263,Z_9,,,,,,,,,0.24340263,,,,,,,,,,
,ENSG00000186395.9,0.24217623,Z_9,,,,,,,,,0.24217623,,,,,,,,,,
,ENSG00000139508.15,0.24124654,Z_9,,,,,,,,,0.24124654,,,,,,,,,,
,ENSG00000120708.17,0.23150244,Z_9,,,,,,,,,-0.23150244,,,,,,,,,,
,ENSG00000174992.8,0.22974603,Z_9,,,,,,,,,0.22974603,,,,,,,,,,
,ENSG00000148346.12,0.2291341,Z_9,,,,,,,,,0.2291341,,,,,,,,,,
,ENSG00000124102.5,0.22776817,Z_9,,,,,,,,,-0.22776817,,,,,,,,,,
,ENSG00000139517.9,0.22738475,Z_9,,,,,,,,,0.22738475,,,,,,,,,,
,ENSG00000125144.14,0.22458208,Z_9,,,,,,,,,0.22458208,,,,,,,,,,
,ENSG00000147872.10,0.21740943,Z_9,,,,,,,,,0.21740943,,,,,,,,,,
,ENSG00000163586.10,0.21468915,Z_9,,,,,,,,,-0.21468915,,,,,,,,,,
,ENSG00000124253.11,0.21211354,Z_9,,,,,,,,,-0.21211354,,,,,,,,,,
,ENSG00000179674.4,0.21132912,Z_9,,,,,,,,,-0.21132912,,,,,,,,,,
,ENSG00000198692.10,0.21127762,Z_9,,,,,,,,,0.21127762,,,,,,,,,,
,ENSG00000197930.13,0.21096188,Z_9,,,,,,,,,0.21096188,,,,,,,,,,
,ENSG00000111802.14,0.21009247,Z_9,,,,,,,,,-0.21009247,,,,,,,,,,
,ENSG00000136108.15,0.20985673,Z_9,,,,,,,,,0.20985673,,,,,,,,,,
,ENSG00000131746.13,0.20960936,Z_9,,,,,,,,,0.20960936,,,,,,,,,,
,ENSG00000135046.14,0.2064448,Z_9,,,,,,,,,-0.2064448,,,,,,,,,,
,ENSG00000168955.4,0.20609657,Z_9,,,,,,,,,0.20609657,,,,,,,,,,
,ENSG00000204287.14,0.20509934,Z_9,,,,,,,,,0.20509934,,,,,,,,,,
,ENSG00000182054.10,0.20492597,Z_9,,,,,,,,,0.20492597,,,,,,,,,,
,ENSG00000134905.17,0.20355111,Z_9,,,,,,,,,-0.20355111,,,,,,,,,,
,ENSG00000091436.17,0.20199828,Z_9,,,,,,,,,0.20199828,,,,,,,,,,
,ENSG00000188959.10,0.20192906,Z_9,,,,,,,,,0.20192906,,,,,,,,,,
,ENSG00000136104.21,0.20161757,Z_9,,,,,,,,,0.20161757,,,,,,,,,,
,ENSG00000172016.16,0.2013015,Z_9,,,,,,,,,0.2013015,,,,,,,,,,
,ENSG00000088727.14,0.1992638,Z_9,,,,,,,,,-0.1992638,,,,,,,,,,
,ENSG00000134240.12,0.19770057,Z_9,,,,,,,,,-0.19770057,,,,,,,,,,
,ENSG00000161055.4,0.19645627,Z_9,,,,,,,,,0.19645627,,,,,,,,,,
,ENSG00000145386.11,0.193119,Z_9,,,,,,,,,0.193119,,,,,,,,,,
,ENSG00000159921.20,0.1930371,Z_9,,,,,,,,,0.1930371,,,,,,,,,,
,ENSG00000127324.9,0.18892154,Z_9,,,,,,,,,-0.18892154,,,,,,,,,,
,ENSG00000159713.11,0.18775591,Z_9,,,,,,,,,0.18775591,,,,,,,,,,
,ENSG00000172831.14,0.18766989,Z_9,,,,,,,,,-0.18766989,,,,,,,,,,
,ENSG00000111665.12,0.1842188,Z_9,,,,,,,,,0.1842188,,,,,,,,,,
,ENSG00000130720.13,0.18271661,Z_9,,,,,,,,,0.18271661,,,,,,,,,,
,ENSG00000124225.16,0.18191428,Z_9,,,,,,,,,0.18191428,,,,,,,,,,
,ENSG00000170312.16,0.18184653,Z_9,,,,,,,,,0.18184653,,,,,,,,,,
,ENSG00000138821.14,0.17826322,Z_9,,,,,,,,,0.17826322,,,,,,,,,,
,ENSG00000198276.16,0.1766711,Z_9,,,,,,,,,0.1766711,,,,,,,,,,
,ENSG00000059728.11,0.17644195,Z_9,,,,,,,,,-0.17644195,,,,,,,,,,
,ENSG00000044115.21,0.17492361,Z_9,,,,,,,,,-0.17492361,,,,,,,,,,
,ENSG00000160180.17,0.33627424,Z_10,,,,,,,,,,0.33627424,,,,,,,,,
,ENSG00000125144.14,0.32689416,Z_10,,,,,,,,,,0.32689416,,,,,,,,,
,ENSG00000115386.6,0.28760284,Z_10,,,,,,,,,,0.28760284,,,,,,,,,
,ENSG00000149196.16,0.28470528,Z_10,,,,,,,,,,0.28470528,,,,,,,,,
,ENSG00000197457.10,0.28036758,Z_10,,,,,,,,,,-0.28036758,,,,,,,,,
,ENSG00000211592.8,0.27711883,Z_10,,,,,,,,,,-0.27711883,,,,,,,,,
,ENSG00000100526.20,0.27672255,Z_10,,,,,,,,,,0.27672255,,,,,,,,,
,ENSG00000019582.16,0.27197123,Z_10,,,,,,,,,,-0.27197123,,,,,,,,,
,ENSG00000173702.7,0.26299426,Z_10,,,,,,,,,,0.26299426,,,,,,,,,
,ENSG00000247516.8,0.25762624,Z_10,,,,,,,,,,0.25762624,,,,,,,,,
,ENSG00000174992.8,0.25627148,Z_10,,,,,,,,,,0.25627148,,,,,,,,,
,ENSG00000124098.10,0.23680879,Z_10,,,,,,,,,,-0.23680879,,,,,,,,,
,ENSG00000164822.5,0.23620379,Z_10,,,,,,,,,,-0.23620379,,,,,,,,,
,ENSG00000100097.12,0.23540457,Z_10,,,,,,,,,,0.23540457,,,,,,,,,
,ENSG00000186395.9,0.23382789,Z_10,,,,,,,,,,0.23382789,,,,,,,,,
,ENSG00000143416.21,0.22901408,Z_10,,,,,,,,,,0.22901408,,,,,,,,,
,ENSG00000239839.7,0.22891727,Z_10,,,,,,,,,,-0.22891727,,,,,,,,,
,ENSG00000145833.16,0.2234254,Z_10,,,,,,,,,,0.2234254,,,,,,,,,
,ENSG00000272398.6,0.22123872,Z_10,,,,,,,,,,0.22123872,,,,,,,,,
,ENSG00000148346.12,0.22098951,Z_10,,,,,,,,,,-0.22098951,,,,,,,,,
,ENSG00000124882.4,0.22096936,Z_10,,,,,,,,,,-0.22096936,,,,,,,,,
,ENSG00000163220.11,0.21328315,Z_10,,,,,,,,,,-0.21328315,,,,,,,,,
,ENSG00000154978.13,0.21282698,Z_10,,,,,,,,,,0.21282698,,,,,,,,,
,ENSG00000204385.13,0.2100617,Z_10,,,,,,,,,,-0.2100617,,,,,,,,,
,ENSG00000211677.2,0.20710897,Z_10,,,,,,,,,,-0.20710897,,,,,,,,,
,ENSG00000211896.7,0.20707867,Z_10,,,,,,,,,,-0.20707867,,,,,,,,,
,ENSG00000108244.17,0.20280768,Z_10,,,,,,,,,,0.20280768,,,,,,,,,
,ENSG00000169908.12,0.20200342,Z_10,,,,,,,,,,-0.20200342,,,,,,,,,
,ENSG00000132434.10,0.20186195,Z_10,,,,,,,,,,-0.20186195,,,,,,,,,
,ENSG00000115009.13,0.19533826,Z_10,,,,,,,,,,0.19533826,,,,,,,,,
,ENSG00000141682.12,0.1940037,Z_10,,,,,,,,,,-0.1940037,,,,,,,,,
,ENSG00000120738.8,0.19286825,Z_10,,,,,,,,,,-0.19286825,,,,,,,,,
,ENSG00000114115.10,0.19249187,Z_10,,,,,,,,,,0.19249187,,,,,,,,,
,ENSG00000127580.17,0.18986268,Z_10,,,,,,,,,,-0.18986268,,,,,,,,,
,ENSG00000196954.14,0.1883144,Z_10,,,,,,,,,,-0.1883144,,,,,,,,,
,ENSG00000105205.7,0.18747061,Z_10,,,,,,,,,,-0.18747061,,,,,,,,,
,ENSG00000171124.13,0.18697551,Z_10,,,,,,,,,,-0.18697551,,,,,,,,,
,ENSG00000130985.17,0.18646027,Z_10,,,,,,,,,,-0.18646027,,,,,,,,,
,ENSG00000103811.18,0.18482558,Z_10,,,,,,,,,,-0.18482558,,,,,,,,,
,ENSG00000205277.10,0.18330592,Z_10,,,,,,,,,,-0.18330592,,,,,,,,,
,ENSG00000173110.8,0.18140776,Z_10,,,,,,,,,,-0.18140776,,,,,,,,,
,ENSG00000136143.16,0.1813131,Z_10,,,,,,,,,,-0.1813131,,,,,,,,,
,ENSG00000204389.10,0.17808242,Z_10,,,,,,,,,,0.17808242,,,,,,,,,
,ENSG00000172725.14,0.17768435,Z_10,,,,,,,,,,0.17768435,,,,,,,,,
,ENSG00000158417.11,0.17733502,Z_10,,,,,,,,,,0.17733502,,,,,,,,,
,ENSG00000104765.16,0.1767279,Z_10,,,,,,,,,,-0.1767279,,,,,,,,,
,ENSG00000196950.14,0.17559445,Z_10,,,,,,,,,,-0.17559445,,,,,,,,,
,ENSG00000137563.13,0.17450382,Z_10,,,,,,,,,,0.17450382,,,,,,,,,
,ENSG00000134779.15,0.17306595,Z_10,,,,,,,,,,-0.17306595,,,,,,,,,
,ENSG00000021300.14,0.17271239,Z_10,,,,,,,,,,0.17271239,,,,,,,,,
,ENSG00000268621.6,0.27609068,Z_11,,,,,,,,,,,0.27609068,,,,,,,,
,ENSG00000143167.12,0.27607256,Z_11,,,,,,,,,,,0.27607256,,,,,,,,
,ENSG00000143653.10,0.27060735,Z_11,,,,,,,,,,,0.27060735,,,,,,,,
,ENSG00000141027.21,0.26776686,Z_11,,,,,,,,,,,-0.26776686,,,,,,,,
,ENSG00000197249.14,0.26205435,Z_11,,,,,,,,,,,-0.26205435,,,,,,,,
,ENSG00000243709.1,0.2600897,Z_11,,,,,,,,,,,0.2600897,,,,,,,,
,ENSG00000180573.10,0.25806797,Z_11,,,,,,,,,,,-0.25806797,,,,,,,,
,ENSG00000182054.10,0.25477165,Z_11,,,,,,,,,,,0.25477165,,,,,,,,
,ENSG00000137673.9,0.2546538,Z_11,,,,,,,,,,,0.2546538,,,,,,,,
,ENSG00000149196.16,0.2531742,Z_11,,,,,,,,,,,-0.2531742,,,,,,,,
,ENSG00000172016.16,0.25214487,Z_11,,,,,,,,,,,0.25214487,,,,,,,,
,ENSG00000241186.10,0.2499511,Z_11,,,,,,,,,,,-0.2499511,,,,,,,,
,ENSG00000154978.13,0.24635017,Z_11,,,,,,,,,,,-0.24635017,,,,,,,,
,ENSG00000128654.14,0.24602833,Z_11,,,,,,,,,,,0.24602833,,,,,,,,
,ENSG00000152240.13,0.24595739,Z_11,,,,,,,,,,,-0.24595739,,,,,,,,
,ENSG00000172725.14,0.24484347,Z_11,,,,,,,,,,,0.24484347,,,,,,,,
,ENSG00000196950.14,0.24461909,Z_11,,,,,,,,,,,-0.24461909,,,,,,,,
,ENSG00000188257.12,0.23955981,Z_11,,,,,,,,,,,0.23955981,,,,,,,,
,ENSG00000136104.21,0.23948476,Z_11,,,,,,,,,,,0.23948476,,,,,,,,
,ENSG00000132541.11,0.23822188,Z_11,,,,,,,,,,,-0.23822188,,,,,,,,
,ENSG00000044115.21,0.23617512,Z_11,,,,,,,,,,,-0.23617512,,,,,,,,
,ENSG00000151490.15,0.2359561,Z_11,,,,,,,,,,,-0.2359561,,,,,,,,
,ENSG00000138772.13,0.2355587,Z_11,,,,,,,,,,,0.2355587,,,,,,,,
,ENSG00000100075.10,0.23409419,Z_11,,,,,,,,,,,0.23409419,,,,,,,,
,ENSG00000135968.21,0.23288903,Z_11,,,,,,,,,,,-0.23288903,,,,,,,,
,ENSG00000137547.9,0.23227821,Z_11,,,,,,,,,,,-0.23227821,,,,,,,,
,ENSG00000117448.14,0.23033042,Z_11,,,,,,,,,,,-0.23033042,,,,,,,,
,ENSG00000126524.10,0.2300417,Z_11,,,,,,,,,,,0.2300417,,,,,,,,
,ENSG00000029993.15,0.22985508,Z_11,,,,,,,,,,,0.22985508,,,,,,,,
,ENSG00000136986.10,0.22764571,Z_11,,,,,,,,,,,0.22764571,,,,,,,,
,ENSG00000164615.6,0.22573428,Z_11,,,,,,,,,,,-0.22573428,,,,,,,,
,ENSG00000167183.3,0.22479805,Z_11,,,,,,,,,,,0.22479805,,,,,,,,
,ENSG00000101353.15,0.22479793,Z_11,,,,,,,,,,,-0.22479793,,,,,,,,
,ENSG00000184220.12,0.22028193,Z_11,,,,,,,,,,,-0.22028193,,,,,,,,
,ENSG00000115386.6,0.22007544,Z_11,,,,,,,,,,,0.22007544,,,,,,,,
,ENSG00000071127.17,0.21845439,Z_11,,,,,,,,,,,-0.21845439,,,,,,,,
,ENSG00000065361.17,0.2180604,Z_11,,,,,,,,,,,-0.2180604,,,,,,,,
,ENSG00000124299.15,0.21646881,Z_11,,,,,,,,,,,-0.21646881,,,,,,,,
,ENSG00000088727.14,0.21635896,Z_11,,,,,,,,,,,-0.21635896,,,,,,,,
,ENSG00000117523.17,0.21591087,Z_11,,,,,,,,,,,-0.21591087,,,,,,,,
,ENSG00000188342.12,0.21496454,Z_11,,,,,,,,,,,0.21496454,,,,,,,,
,ENSG00000119042.17,0.2147764,Z_11,,,,,,,,,,,0.2147764,,,,,,,,
,ENSG00000109787.13,0.21273296,Z_11,,,,,,,,,,,-0.21273296,,,,,,,,
,ENSG00000159593.15,0.21190464,Z_11,,,,,,,,,,,0.21190464,,,,,,,,
,ENSG00000196230.14,0.21130478,Z_11,,,,,,,,,,,0.21130478,,,,,,,,
,ENSG00000017797.13,0.20853452,Z_11,,,,,,,,,,,0.20853452,,,,,,,,
,ENSG00000143815.15,0.2080159,Z_11,,,,,,,,,,,-0.2080159,,,,,,,,
,ENSG00000151500.15,0.20679387,Z_11,,,,,,,,,,,-0.20679387,,,,,,,,
,ENSG00000078668.14,0.20679064,Z_11,,,,,,,,,,,0.20679064,,,,,,,,
,ENSG00000084073.10,0.20593461,Z_11,,,,,,,,,,,0.20593461,,,,,,,,
,ENSG00000089685.15,0.33877385,Z_12,,,,,,,,,,,,0.33877385,,,,,,,
,ENSG00000197273.4,0.32314438,Z_12,,,,,,,,,,,,-0.32314438,,,,,,,
,ENSG00000203760.9,0.31987908,Z_12,,,,,,,,,,,,0.31987908,,,,,,,
,ENSG00000100097.12,0.30575353,Z_12,,,,,,,,,,,,-0.30575353,,,,,,,
,ENSG00000117472.10,0.30383262,Z_12,,,,,,,,,,,,-0.30383262,,,,,,,
,ENSG00000091138.13,0.28803113,Z_12,,,,,,,,,,,,-0.28803113,,,,,,,
,ENSG00000161981.11,0.28665465,Z_12,,,,,,,,,,,,0.28665465,,,,,,,
,ENSG00000102699.6,0.28359836,Z_12,,,,,,,,,,,,-0.28359836,,,,,,,
,ENSG00000088325.16,0.28139415,Z_12,,,,,,,,,,,,0.28139415,,,,,,,
,ENSG00000197930.13,0.27271762,Z_12,,,,,,,,,,,,-0.27271762,,,,,,,
,ENSG00000124098.10,0.27218857,Z_12,,,,,,,,,,,,0.27218857,,,,,,,
,ENSG00000088727.14,0.27067074,Z_12,,,,,,,,,,,,0.27067074,,,,,,,
,ENSG00000136108.15,0.26877952,Z_12,,,,,,,,,,,,0.26877952,,,,,,,
,ENSG00000171431.4,0.26539633,Z_12,,,,,,,,,,,,-0.26539633,,,,,,,
,ENSG00000109881.17,0.26143315,Z_12,,,,,,,,,,,,0.26143315,,,,,,,
,ENSG00000134057.15,0.25792286,Z_12,,,,,,,,,,,,0.25792286,,,,,,,
,ENSG00000164109.14,0.2556495,Z_12,,,,,,,,,,,,0.2556495,,,,,,,
,ENSG00000173702.7,0.2551644,Z_12,,,,,,,,,,,,-0.2551644,,,,,,,
,ENSG00000147676.14,0.2511153,Z_12,,,,,,,,,,,,-0.2511153,,,,,,,
,ENSG00000077152.11,0.24970536,Z_12,,,,,,,,,,,,0.24970536,,,,,,,
,ENSG00000211592.8,0.24959457,Z_12,,,,,,,,,,,,0.24959457,,,,,,,
,ENSG00000091436.17,0.24680233,Z_12,,,,,,,,,,,,0.24680233,,,,,,,
,ENSG00000168243.11,0.24476458,Z_12,,,,,,,,,,,,0.24476458,,,,,,,
,ENSG00000111912.20,0.24460478,Z_12,,,,,,,,,,,,0.24460478,,,,,,,
,ENSG00000137547.9,0.24403168,Z_12,,,,,,,,,,,,0.24403168,,,,,,,
,ENSG00000148180.21,0.24097992,Z_12,,,,,,,,,,,,-0.24097992,,,,,,,
,ENSG00000234745.13,0.24054596,Z_12,,,,,,,,,,,,-0.24054596,,,,,,,
,ENSG00000141736.14,0.24027407,Z_12,,,,,,,,,,,,-0.24027407,,,,,,,
,ENSG00000272398.6,0.23929334,Z_12,,,,,,,,,,,,-0.23929334,,,,,,,
,ENSG00000163586.10,0.23546158,Z_12,,,,,,,,,,,,-0.23546158,,,,,,,
,ENSG00000169583.13,0.23481503,Z_12,,,,,,,,,,,,-0.23481503,,,,,,,
,ENSG00000134240.12,0.23438218,Z_12,,,,,,,,,,,,-0.23438218,,,,,,,
,ENSG00000169245.6,0.23079434,Z_12,,,,,,,,,,,,0.23079434,,,,,,,
,ENSG00000198938.2,0.23020817,Z_12,,,,,,,,,,,,-0.23020817,,,,,,,
,ENSG00000211892.4,0.229389,Z_12,,,,,,,,,,,,0.229389,,,,,,,
,ENSG00000152240.13,0.22311617,Z_12,,,,,,,,,,,,0.22311617,,,,,,,
,ENSG00000114315.4,0.22297156,Z_12,,,,,,,,,,,,-0.22297156,,,,,,,
,ENSG00000164104.12,0.22273363,Z_12,,,,,,,,,,,,0.22273363,,,,,,,
,ENSG00000136104.21,0.2212654,Z_12,,,,,,,,,,,,0.2212654,,,,,,,
,ENSG00000163993.7,0.22119674,Z_12,,,,,,,,,,,,-0.22119674,,,,,,,
,ENSG00000285219.2,0.22090441,Z_12,,,,,,,,,,,,0.22090441,,,,,,,
,ENSG00000128944.13,0.2158119,Z_12,,,,,,,,,,,,0.2158119,,,,,,,
,ENSG00000056050.7,0.21548137,Z_12,,,,,,,,,,,,0.21548137,,,,,,,
,ENSG00000029993.15,0.21513249,Z_12,,,,,,,,,,,,0.21513249,,,,,,,
,ENSG00000166165.13,0.2138549,Z_12,,,,,,,,,,,,-0.2138549,,,,,,,
,ENSG00000143815.15,0.21006717,Z_12,,,,,,,,,,,,0.21006717,,,,,,,
,ENSG00000204389.10,0.20982027,Z_12,,,,,,,,,,,,0.20982027,,,,,,,
,ENSG00000168672.4,0.20908701,Z_12,,,,,,,,,,,,-0.20908701,,,,,,,
,ENSG00000169908.12,0.20866324,Z_12,,,,,,,,,,,,-0.20866324,,,,,,,
,ENSG00000257267.3,0.20798287,Z_12,,,,,,,,,,,,-0.20798287,,,,,,,
,ENSG00000173467.9,0.37173468,Z_13,,,,,,,,,,,,,0.37173468,,,,,,
,ENSG00000148346.12,0.29799187,Z_13,,,,,,,,,,,,,-0.29799187,,,,,,
,ENSG00000131981.16,0.2856404,Z_13,,,,,,,,,,,,,0.2856404,,,,,,
,ENSG00000124102.5,0.2855749,Z_13,,,,,,,,,,,,,-0.2855749,,,,,,
,ENSG00000174992.8,0.28316006,Z_13,,,,,,,,,,,,,-0.28316006,,,,,,
,ENSG00000143416.21,0.28116605,Z_13,,,,,,,,,,,,,-0.28116605,,,,,,
,ENSG00000211896.7,0.2534394,Z_13,,,,,,,,,,,,,-0.2534394,,,,,,
,ENSG00000166710.21,0.23667207,Z_13,,,,,,,,,,,,,0.23667207,,,,,,
,ENSG00000141682.12,0.22737879,Z_13,,,,,,,,,,,,,0.22737879,,,,,,
,ENSG00000182600.9,0.22461854,Z_13,,,,,,,,,,,,,0.22461854,,,,,,
,ENSG00000140279.13,0.22424662,Z_13,,,,,,,,,,,,,-0.22424662,,,,,,
,ENSG00000188643.11,0.2210037,Z_13,,,,,,,,,,,,,0.2210037,,,,,,
,ENSG00000112562.19,0.21855643,Z_13,,,,,,,,,,,,,-0.21855643,,,,,,
,ENSG00000141741.12,0.2174203,Z_13,,,,,,,,,,,,,0.2174203,,,,,,
,ENSG00000072274.13,0.21272522,Z_13,,,,,,,,,,,,,0.21272522,,,,,,
,ENSG00000115386.6,0.21079528,Z_13,,,,,,,,,,,,,-0.21079528,,,,,,
,ENSG00000111196.10,0.20958933,Z_13,,,,,,,,,,,,,0.20958933,,,,,,
,ENSG00000137673.9,0.2083249,Z_13,,,,,,,,,,,,,0.2083249,,,,,,
,ENSG00000151461.20,0.20773059,Z_13,,,,,,,,,,,,,-0.20773059,,,,,,
,ENSG00000127580.17,0.20614672,Z_13,,,,,,,,,,,,,-0.20614672,,,,,,
,ENSG00000172053.18,0.20397961,Z_13,,,,,,,,,,,,,-0.20397961,,,,,,
,ENSG00000164822.5,0.19842666,Z_13,,,,,,,,,,,,,-0.19842666,,,,,,
,ENSG00000182240.16,0.19786014,Z_13,,,,,,,,,,,,,0.19786014,,,,,,
,ENSG00000116285.13,0.19132723,Z_13,,,,,,,,,,,,,-0.19132723,,,,,,
,ENSG00000125144.14,0.1880767,Z_13,,,,,,,,,,,,,-0.1880767,,,,,,
,ENSG00000198786.2,0.18703835,Z_13,,,,,,,,,,,,,-0.18703835,,,,,,
,ENSG00000168243.11,0.18055898,Z_13,,,,,,,,,,,,,0.18055898,,,,,,
,ENSG00000015413.9,0.18007807,Z_13,,,,,,,,,,,,,-0.18007807,,,,,,
,ENSG00000089048.15,0.17872773,Z_13,,,,,,,,,,,,,-0.17872773,,,,,,
,ENSG00000131748.16,0.17831849,Z_13,,,,,,,,,,,,,0.17831849,,,,,,
,ENSG00000117394.24,0.1775702,Z_13,,,,,,,,,,,,,0.1775702,,,,,,
,ENSG00000135968.21,0.176588,Z_13,,,,,,,,,,,,,-0.176588,,,,,,
,ENSG00000101361.17,0.17486553,Z_13,,,,,,,,,,,,,-0.17486553,,,,,,
,ENSG00000164104.12,0.1740369,Z_13,,,,,,,,,,,,,0.1740369,,,,,,
,ENSG00000100994.12,0.17091684,Z_13,,,,,,,,,,,,,-0.17091684,,,,,,
,ENSG00000101333.18,0.17008957,Z_13,,,,,,,,,,,,,-0.17008957,,,,,,
,ENSG00000091138.13,0.16873741,Z_13,,,,,,,,,,,,,-0.16873741,,,,,,
,ENSG00000184220.12,0.16838811,Z_13,,,,,,,,,,,,,0.16838811,,,,,,
,ENSG00000166165.13,0.16819142,Z_13,,,,,,,,,,,,,0.16819142,,,,,,
,ENSG00000026508.20,0.1670647,Z_13,,,,,,,,,,,,,-0.1670647,,,,,,
,ENSG00000109881.17,0.16705328,Z_13,,,,,,,,,,,,,-0.16705328,,,,,,
,ENSG00000214078.13,0.16598319,Z_13,,,,,,,,,,,,,-0.16598319,,,,,,
,ENSG00000112312.10,0.16550915,Z_13,,,,,,,,,,,,,-0.16550915,,,,,,
,ENSG00000129538.14,0.16494085,Z_13,,,,,,,,,,,,,0.16494085,,,,,,
,ENSG00000177984.7,0.16472812,Z_13,,,,,,,,,,,,,-0.16472812,,,,,,
,ENSG00000000419.14,0.1643458,Z_13,,,,,,,,,,,,,0.1643458,,,,,,
,ENSG00000095932.7,0.16415767,Z_13,,,,,,,,,,,,,0.16415767,,,,,,
,ENSG00000019582.16,0.16375925,Z_13,,,,,,,,,,,,,0.16375925,,,,,,
,ENSG00000166920.13,0.1636518,Z_13,,,,,,,,,,,,,0.1636518,,,,,,
,ENSG00000143653.10,0.16347358,Z_13,,,,,,,,,,,,,-0.16347358,,,,,,
,ENSG00000122711.9,0.49176753,Z_14,,,,,,,,,,,,,,0.49176753,,,,,
,ENSG00000160180.17,0.3761945,Z_14,,,,,,,,,,,,,,0.3761945,,,,,
,ENSG00000101333.18,0.32732248,Z_14,,,,,,,,,,,,,,0.32732248,,,,,
,ENSG00000120738.8,0.31337586,Z_14,,,,,,,,,,,,,,0.31337586,,,,,
,ENSG00000125378.16,0.3053534,Z_14,,,,,,,,,,,,,,-0.3053534,,,,,
,ENSG00000272398.6,0.2584285,Z_14,,,,,,,,,,,,,,0.2584285,,,,,
,ENSG00000211897.9,0.25480872,Z_14,,,,,,,,,,,,,,-0.25480872,,,,,
,ENSG00000106066.15,0.24340157,Z_14,,,,,,,,,,,,,,-0.24340157,,,,,
,ENSG00000069482.7,0.2411748,Z_14,,,,,,,,,,,,,,-0.2411748,,,,,
,ENSG00000112562.19,0.23779811,Z_14,,,,,,,,,,,,,,0.23779811,,,,,
,ENSG00000151490.15,0.23016371,Z_14,,,,,,,,,,,,,,-0.23016371,,,,,
,ENSG00000138182.15,0.21962929,Z_14,,,,,,,,,,,,,,-0.21962929,,,,,
,ENSG00000100526.20,0.21894544,Z_14,,,,,,,,,,,,,,0.21894544,,,,,
,ENSG00000266088.6,0.21773547,Z_14,,,,,,,,,,,,,,-0.21773547,,,,,
,ENSG00000125144.14,0.21733154,Z_14,,,,,,,,,,,,,,0.21733154,,,,,
,ENSG00000079459.13,0.21730758,Z_14,,,,,,,,,,,,,,0.21730758,,,,,
,ENSG00000177685.17,0.21492729,Z_14,,,,,,,,,,,,,,-0.21492729,,,,,
,ENSG00000056050.7,0.20600908,Z_14,,,,,,,,,,,,,,-0.20600908,,,,,
,ENSG00000108244.17,0.20503181,Z_14,,,,,,,,,,,,,,-0.20503181,,,,,
,ENSG00000134193.15,0.20440264,Z_14,,,,,,,,,,,,,,0.20440264,,,,,
,ENSG00000277610.1,0.20430577,Z_14,,,,,,,,,,,,,,-0.20430577,,,,,
,ENSG00000132170.24,0.20221613,Z_14,,,,,,,,,,,,,,0.20221613,,,,,
,ENSG00000116761.12,0.20120002,Z_14,,,,,,,,,,,,,,-0.20120002,,,,,
,ENSG00000129824.16,0.20001745,Z_14,,,,,,,,,,,,,,0.20001745,,,,,
,ENSG00000166165.13,0.19841616,Z_14,,,,,,,,,,,,,,0.19841616,,,,,
,ENSG00000159182.5,0.19588433,Z_14,,,,,,,,,,,,,,0.19588433,,,,,
,ENSG00000163220.11,0.19392845,Z_14,,,,,,,,,,,,,,-0.19392845,,,,,
,ENSG00000076248.11,0.19058807,Z_14,,,,,,,,,,,,,,-0.19058807,,,,,
,ENSG00000165171.11,0.1896883,Z_14,,,,,,,,,,,,,,-0.1896883,,,,,
,ENSG00000168003.18,0.189648,Z_14,,,,,,,,,,,,,,-0.189648,,,,,
,ENSG00000198938.2,0.1895608,Z_14,,,,,,,,,,,,,,0.1895608,,,,,
,ENSG00000164104.12,0.18773326,Z_14,,,,,,,,,,,,,,0.18773326,,,,,
,ENSG00000111665.12,0.18678907,Z_14,,,,,,,,,,,,,,0.18678907,,,,,
,ENSG00000119969.15,0.18662183,Z_14,,,,,,,,,,,,,,-0.18662183,,,,,
,ENSG00000075131.10,0.18581276,Z_14,,,,,,,,,,,,,,-0.18581276,,,,,
,ENSG00000141934.10,0.18564706,Z_14,,,,,,,,,,,,,,-0.18564706,,,,,
,ENSG00000211896.7,0.18159147,Z_14,,,,,,,,,,,,,,-0.18159147,,,,,
,ENSG00000161395.14,0.18156165,Z_14,,,,,,,,,,,,,,-0.18156165,,,,,
,ENSG00000130513.6,0.18151683,Z_14,,,,,,,,,,,,,,0.18151683,,,,,
,ENSG00000021300.14,0.1805991,Z_14,,,,,,,,,,,,,,-0.1805991,,,,,
,ENSG00000172927.8,0.17880414,Z_14,,,,,,,,,,,,,,-0.17880414,,,,,
,ENSG00000124253.11,0.17873214,Z_14,,,,,,,,,,,,,,0.17873214,,,,,
,ENSG00000046647.14,0.17725995,Z_14,,,,,,,,,,,,,,-0.17725995,,,,,
,ENSG00000241186.10,0.1771322,Z_14,,,,,,,,,,,,,,-0.1771322,,,,,
,ENSG00000127125.9,0.17685978,Z_14,,,,,,,,,,,,,,0.17685978,,,,,
,ENSG00000112208.11,0.17565584,Z_14,,,,,,,,,,,,,,-0.17565584,,,,,
,ENSG00000132434.10,0.17437923,Z_14,,,,,,,,,,,,,,-0.17437923,,,,,
,ENSG00000175582.20,0.1742524,Z_14,,,,,,,,,,,,,,-0.1742524,,,,,
,ENSG00000067082.15,0.17386793,Z_14,,,,,,,,,,,,,,0.17386793,,,,,
,ENSG00000108064.11,0.17215718,Z_14,,,,,,,,,,,,,,0.17215718,,,,,
,ENSG00000148346.12,0.49700978,Z_15,,,,,,,,,,,,,,,0.49700978,,,,
,ENSG00000211592.8,0.38581967,Z_15,,,,,,,,,,,,,,,0.38581967,,,,
,ENSG00000125144.14,0.35403076,Z_15,,,,,,,,,,,,,,,-0.35403076,,,,
,ENSG00000100097.12,0.32775682,Z_15,,,,,,,,,,,,,,,-0.32775682,,,,
,ENSG00000214078.13,0.30717942,Z_15,,,,,,,,,,,,,,,0.30717942,,,,
,ENSG00000171431.4,0.30368835,Z_15,,,,,,,,,,,,,,,-0.30368835,,,,
,ENSG00000129824.16,0.3030387,Z_15,,,,,,,,,,,,,,,-0.3030387,,,,
,ENSG00000166557.14,0.29694462,Z_15,,,,,,,,,,,,,,,-0.29694462,,,,
,ENSG00000130720.13,0.29478776,Z_15,,,,,,,,,,,,,,,0.29478776,,,,
,ENSG00000129538.14,0.2943902,Z_15,,,,,,,,,,,,,,,-0.2943902,,,,
,ENSG00000173467.9,0.28804845,Z_15,,,,,,,,,,,,,,,-0.28804845,,,,
,ENSG00000115009.13,0.27610123,Z_15,,,,,,,,,,,,,,,0.27610123,,,,
,ENSG00000108244.17,0.27183422,Z_15,,,,,,,,,,,,,,,-0.27183422,,,,
,ENSG00000140279.13,0.26560247,Z_15,,,,,,,,,,,,,,,0.26560247,,,,
,ENSG00000215712.11,0.2635163,Z_15,,,,,,,,,,,,,,,-0.2635163,,,,
,ENSG00000127125.9,0.2634627,Z_15,,,,,,,,,,,,,,,-0.2634627,,,,
,ENSG00000065154.12,0.26311955,Z_15,,,,,,,,,,,,,,,0.26311955,,,,
,ENSG00000115457.10,0.2609898,Z_15,,,,,,,,,,,,,,,-0.2609898,,,,
,ENSG00000057608.17,0.25842056,Z_15,,,,,,,,,,,,,,,-0.25842056,,,,
,ENSG00000197249.14,0.25405675,Z_15,,,,,,,,,,,,,,,0.25405675,,,,
,ENSG00000137563.13,0.25376168,Z_15,,,,,,,,,,,,,,,-0.25376168,,,,
,ENSG00000188373.5,0.25346163,Z_15,,,,,,,,,,,,,,,0.25346163,,,,
,ENSG00000147872.10,0.25320125,Z_15,,,,,,,,,,,,,,,-0.25320125,,,,
,ENSG00000065361.17,0.25312677,Z_15,,,,,,,,,,,,,,,0.25312677,,,,
,ENSG00000015413.9,0.25264305,Z_15,,,,,,,,,,,,,,,-0.25264305,,,,
,ENSG00000268621.6,0.25149038,Z_15,,,,,,,,,,,,,,,0.25149038,,,,
,ENSG00000130513.6,0.25084043,Z_15,,,,,,,,,,,,,,,0.25084043,,,,
,ENSG00000175567.11,0.24925296,Z_15,,,,,,,,,,,,,,,-0.24925296,,,,
,ENSG00000091138.13,0.24437134,Z_15,,,,,,,,,,,,,,,0.24437134,,,,
,ENSG00000106066.15,0.24388078,Z_15,,,,,,,,,,,,,,,0.24388078,,,,
,ENSG00000135046.14,0.24041565,Z_15,,,,,,,,,,,,,,,-0.24041565,,,,
,ENSG00000159182.5,0.23721048,Z_15,,,,,,,,,,,,,,,-0.23721048,,,,
,ENSG00000100075.10,0.23529622,Z_15,,,,,,,,,,,,,,,-0.23529622,,,,
,ENSG00000122711.9,0.23517369,Z_15,,,,,,,,,,,,,,,-0.23517369,,,,
,ENSG00000177984.7,0.23431523,Z_15,,,,,,,,,,,,,,,-0.23431523,,,,
,ENSG00000119042.17,0.23351277,Z_15,,,,,,,,,,,,,,,0.23351277,,,,
,ENSG00000021300.14,0.23033623,Z_15,,,,,,,,,,,,,,,0.23033623,,,,
,ENSG00000073067.14,0.22696386,Z_15,,,,,,,,,,,,,,,0.22696386,,,,
,ENSG00000244509.4,0.22589493,Z_15,,,,,,,,,,,,,,,-0.22589493,,,,
,ENSG00000103355.14,0.22573155,Z_15,,,,,,,,,,,,,,,0.22573155,,,,
,ENSG00000197457.10,0.22503185,Z_15,,,,,,,,,,,,,,,0.22503185,,,,
,ENSG00000171456.20,0.22098777,Z_15,,,,,,,,,,,,,,,0.22098777,,,,
,ENSG00000160180.17,0.2198929,Z_15,,,,,,,,,,,,,,,0.2198929,,,,
,ENSG00000162772.17,0.21864901,Z_15,,,,,,,,,,,,,,,0.21864901,,,,
,ENSG00000137673.9,0.21704145,Z_15,,,,,,,,,,,,,,,0.21704145,,,,
,ENSG00000131746.13,0.21611942,Z_15,,,,,,,,,,,,,,,-0.21611942,,,,
,ENSG00000106541.12,0.21562432,Z_15,,,,,,,,,,,,,,,-0.21562432,,,,
,ENSG00000101457.13,0.21482013,Z_15,,,,,,,,,,,,,,,0.21482013,,,,
,ENSG00000124253.11,0.21447106,Z_15,,,,,,,,,,,,,,,0.21447106,,,,
,ENSG00000141741.12,0.21351643,Z_15,,,,,,,,,,,,,,,-0.21351643,,,,
,ENSG00000211592.8,0.4657474,Z_16,,,,,,,,,,,,,,,,0.4657474,,,
,ENSG00000155850.8,0.34809628,Z_16,,,,,,,,,,,,,,,,-0.34809628,,,
,ENSG00000268621.6,0.33612493,Z_16,,,,,,,,,,,,,,,,0.33612493,,,
,ENSG00000115386.6,0.3302386,Z_16,,,,,,,,,,,,,,,,0.3302386,,,
,ENSG00000124102.5,0.33012122,Z_16,,,,,,,,,,,,,,,,0.33012122,,,
,ENSG00000148346.12,0.31191117,Z_16,,,,,,,,,,,,,,,,0.31191117,,,
,ENSG00000163586.10,0.30297947,Z_16,,,,,,,,,,,,,,,,-0.30297947,,,
,ENSG00000174992.8,0.3024627,Z_16,,,,,,,,,,,,,,,,0.3024627,,,
,ENSG00000182600.9,0.27927688,Z_16,,,,,,,,,,,,,,,,0.27927688,,,
,ENSG00000211892.4,0.2721821,Z_16,,,,,,,,,,,,,,,,0.2721821,,,
,ENSG00000186395.9,0.26505747,Z_16,,,,,,,,,,,,,,,,0.26505747,,,
,ENSG00000131746.13,0.26131278,Z_16,,,,,,,,,,,,,,,,0.26131278,,,
,ENSG00000124299.15,0.24502409,Z_16,,,,,,,,,,,,,,,,-0.24502409,,,
,ENSG00000100097.12,0.24398525,Z_16,,,,,,,,,,,,,,,,0.24398525,,,
,ENSG00000164822.5,0.23820226,Z_16,,,,,,,,,,,,,,,,-0.23820226,,,
,ENSG00000141682.12,0.23371251,Z_16,,,,,,,,,,,,,,,,-0.23371251,,,
,ENSG00000203760.9,0.22652619,Z_16,,,,,,,,,,,,,,,,0.22652619,,,
,ENSG00000125775.15,0.21764877,Z_16,,,,,,,,,,,,,,,,0.21764877,,,
,ENSG00000134240.12,0.21739309,Z_16,,,,,,,,,,,,,,,,-0.21739309,,,
,ENSG00000197273.4,0.21412626,Z_16,,,,,,,,,,,,,,,,-0.21412626,,,
,ENSG00000172016.16,0.208412,Z_16,,,,,,,,,,,,,,,,-0.208412,,,
,ENSG00000007952.18,0.20714833,Z_16,,,,,,,,,,,,,,,,-0.20714833,,,
,ENSG00000120738.8,0.20553473,Z_16,,,,,,,,,,,,,,,,-0.20553473,,,
,ENSG00000103194.16,0.20182368,Z_16,,,,,,,,,,,,,,,,-0.20182368,,,
,ENSG00000244509.4,0.2007787,Z_16,,,,,,,,,,,,,,,,-0.2007787,,,
,ENSG00000172053.18,0.19962257,Z_16,,,,,,,,,,,,,,,,-0.19962257,,,
,ENSG00000119042.17,0.19837631,Z_16,,,,,,,,,,,,,,,,-0.19837631,,,
,ENSG00000143416.21,0.19599238,Z_16,,,,,,,,,,,,,,,,-0.19599238,,,
,ENSG00000156587.16,0.19392048,Z_16,,,,,,,,,,,,,,,,0.19392048,,,
,ENSG00000243709.1,0.19135836,Z_16,,,,,,,,,,,,,,,,-0.19135836,,,
,ENSG00000204287.14,0.1901703,Z_16,,,,,,,,,,,,,,,,0.1901703,,,
,ENSG00000168672.4,0.1893878,Z_16,,,,,,,,,,,,,,,,-0.1893878,,,
,ENSG00000198862.14,0.18921113,Z_16,,,,,,,,,,,,,,,,-0.18921113,,,
,ENSG00000117318.9,0.18434621,Z_16,,,,,,,,,,,,,,,,-0.18434621,,,
,ENSG00000141753.7,0.18248543,Z_16,,,,,,,,,,,,,,,,0.18248543,,,
,ENSG00000124198.10,0.18236716,Z_16,,,,,,,,,,,,,,,,-0.18236716,,,
,ENSG00000185201.17,0.18079457,Z_16,,,,,,,,,,,,,,,,0.18079457,,,
,ENSG00000164056.11,0.1804466,Z_16,,,,,,,,,,,,,,,,-0.1804466,,,
,ENSG00000075539.15,0.17925215,Z_16,,,,,,,,,,,,,,,,-0.17925215,,,
,ENSG00000117394.24,0.17854936,Z_16,,,,,,,,,,,,,,,,-0.17854936,,,
,ENSG00000165672.7,0.17779608,Z_16,,,,,,,,,,,,,,,,-0.17779608,,,
,ENSG00000116761.12,0.1777604,Z_16,,,,,,,,,,,,,,,,0.1777604,,,
,ENSG00000115457.10,0.176229,Z_16,,,,,,,,,,,,,,,,-0.176229,,,
,ENSG00000181019.13,0.17611006,Z_16,,,,,,,,,,,,,,,,0.17611006,,,
,ENSG00000115009.13,0.17526574,Z_16,,,,,,,,,,,,,,,,-0.17526574,,,
,ENSG00000167315.18,0.17506133,Z_16,,,,,,,,,,,,,,,,-0.17506133,,,
,ENSG00000173221.14,0.1747195,Z_16,,,,,,,,,,,,,,,,0.1747195,,,
,ENSG00000198380.13,0.17295964,Z_16,,,,,,,,,,,,,,,,-0.17295964,,,
,ENSG00000066279.19,0.17155822,Z_16,,,,,,,,,,,,,,,,-0.17155822,,,
,ENSG00000065154.12,0.17098859,Z_16,,,,,,,,,,,,,,,,-0.17098859,,,
,ENSG00000129824.16,0.4359521,Z_17,,,,,,,,,,,,,,,,,-0.4359521,,
,ENSG00000198786.2,0.33795607,Z_17,,,,,,,,,,,,,,,,,0.33795607,,
,ENSG00000234745.13,0.279725,Z_17,,,,,,,,,,,,,,,,,0.279725,,
,ENSG00000142089.17,0.27682325,Z_17,,,,,,,,,,,,,,,,,0.27682325,,
,ENSG00000084073.10,0.26409304,Z_17,,,,,,,,,,,,,,,,,-0.26409304,,
,ENSG00000266088.6,0.25236735,Z_17,,,,,,,,,,,,,,,,,-0.25236735,,
,ENSG00000115009.13,0.2511187,Z_17,,,,,,,,,,,,,,,,,0.2511187,,
,ENSG00000174992.8,0.24746077,Z_17,,,,,,,,,,,,,,,,,-0.24746077,,
,ENSG00000073067.14,0.23380841,Z_17,,,,,,,,,,,,,,,,,0.23380841,,
,ENSG00000143401.15,0.22273959,Z_17,,,,,,,,,,,,,,,,,-0.22273959,,
,ENSG00000125378.16,0.21842071,Z_17,,,,,,,,,,,,,,,,,-0.21842071,,
,ENSG00000215712.11,0.21465608,Z_17,,,,,,,,,,,,,,,,,-0.21465608,,
,ENSG00000151500.15,0.21165669,Z_17,,,,,,,,,,,,,,,,,-0.21165669,,
,ENSG00000167325.15,0.21144563,Z_17,,,,,,,,,,,,,,,,,-0.21144563,,
,ENSG00000198692.10,0.21118315,Z_17,,,,,,,,,,,,,,,,,-0.21118315,,
,ENSG00000132341.12,0.20522833,Z_17,,,,,,,,,,,,,,,,,0.20522833,,
,ENSG00000245532.9,0.20363078,Z_17,,,,,,,,,,,,,,,,,0.20363078,,
,ENSG00000115414.21,0.20297052,Z_17,,,,,,,,,,,,,,,,,0.20297052,,
,ENSG00000175606.11,0.20178677,Z_17,,,,,,,,,,,,,,,,,-0.20178677,,
,ENSG00000136108.15,0.1976154,Z_17,,,,,,,,,,,,,,,,,0.1976154,,
,ENSG00000183036.11,0.1971372,Z_17,,,,,,,,,,,,,,,,,-0.1971372,,
,ENSG00000021300.14,0.19591828,Z_17,,,,,,,,,,,,,,,,,-0.19591828,,
,ENSG00000163586.10,0.19529973,Z_17,,,,,,,,,,,,,,,,,0.19529973,,
,ENSG00000198695.2,0.19503695,Z_17,,,,,,,,,,,,,,,,,0.19503695,,
,ENSG00000136943.12,0.19366942,Z_17,,,,,,,,,,,,,,,,,-0.19366942,,
,ENSG00000106066.15,0.18904369,Z_17,,,,,,,,,,,,,,,,,-0.18904369,,
,ENSG00000141741.12,0.18829963,Z_17,,,,,,,,,,,,,,,,,-0.18829963,,
,ENSG00000134757.5,0.18711084,Z_17,,,,,,,,,,,,,,,,,-0.18711084,,
,ENSG00000109787.13,0.18708251,Z_17,,,,,,,,,,,,,,,,,-0.18708251,,
,ENSG00000154978.13,0.18668869,Z_17,,,,,,,,,,,,,,,,,-0.18668869,,
,ENSG00000135919.14,0.18616073,Z_17,,,,,,,,,,,,,,,,,-0.18616073,,
,ENSG00000100097.12,0.18548518,Z_17,,,,,,,,,,,,,,,,,-0.18548518,,
,ENSG00000164733.22,0.18106669,Z_17,,,,,,,,,,,,,,,,,0.18106669,,
,ENSG00000076003.5,0.18079689,Z_17,,,,,,,,,,,,,,,,,-0.18079689,,
,ENSG00000109846.9,0.18050763,Z_17,,,,,,,,,,,,,,,,,-0.18050763,,
,ENSG00000178999.13,0.18035021,Z_17,,,,,,,,,,,,,,,,,-0.18035021,,
,ENSG00000164822.5,0.18008667,Z_17,,,,,,,,,,,,,,,,,-0.18008667,,
,ENSG00000074266.22,0.17942704,Z_17,,,,,,,,,,,,,,,,,-0.17942704,,
,ENSG00000147535.17,0.17714372,Z_17,,,,,,,,,,,,,,,,,-0.17714372,,
,ENSG00000222724.1,0.17634039,Z_17,,,,,,,,,,,,,,,,,0.17634039,,
,ENSG00000108064.11,0.1757435,Z_17,,,,,,,,,,,,,,,,,-0.1757435,,
,ENSG00000110442.12,0.17545548,Z_17,,,,,,,,,,,,,,,,,-0.17545548,,
,ENSG00000160182.3,0.17523941,Z_17,,,,,,,,,,,,,,,,,0.17523941,,
,ENSG00000019582.16,0.17494021,Z_17,,,,,,,,,,,,,,,,,0.17494021,,
,ENSG00000163734.4,0.17486855,Z_17,,,,,,,,,,,,,,,,,0.17486855,,
,ENSG00000015413.9,0.1746913,Z_17,,,,,,,,,,,,,,,,,0.1746913,,
,ENSG00000122711.9,0.17454092,Z_17,,,,,,,,,,,,,,,,,0.17454092,,
,ENSG00000117632.23,0.1745204,Z_17,,,,,,,,,,,,,,,,,-0.1745204,,
,ENSG00000136104.21,0.17442119,Z_17,,,,,,,,,,,,,,,,,-0.17442119,,
,ENSG00000211592.8,0.1735276,Z_17,,,,,,,,,,,,,,,,,0.1735276,,
,ENSG00000234745.13,0.37636453,Z_18,,,,,,,,,,,,,,,,,,-0.37636453,
,ENSG00000160180.17,0.36540943,Z_18,,,,,,,,,,,,,,,,,,-0.36540943,
,ENSG00000125144.14,0.35822475,Z_18,,,,,,,,,,,,,,,,,,-0.35822475,
,ENSG00000102054.18,0.34091297,Z_18,,,,,,,,,,,,,,,,,,-0.34091297,
,ENSG00000204389.10,0.31408298,Z_18,,,,,,,,,,,,,,,,,,-0.31408298,
,ENSG00000166710.21,0.31308728,Z_18,,,,,,,,,,,,,,,,,,-0.31308728,
,ENSG00000162896.6,0.30979073,Z_18,,,,,,,,,,,,,,,,,,-0.30979073,
,ENSG00000106211.10,0.30965415,Z_18,,,,,,,,,,,,,,,,,,-0.30965415,
,ENSG00000251562.8,0.29082802,Z_18,,,,,,,,,,,,,,,,,,0.29082802,
,ENSG00000204287.14,0.2810731,Z_18,,,,,,,,,,,,,,,,,,-0.2810731,
,ENSG00000130164.14,0.28090957,Z_18,,,,,,,,,,,,,,,,,,0.28090957,
,ENSG00000117523.17,0.27426487,Z_18,,,,,,,,,,,,,,,,,,0.27426487,
,ENSG00000240065.8,0.26869524,Z_18,,,,,,,,,,,,,,,,,,-0.26869524,
,ENSG00000057608.17,0.26459768,Z_18,,,,,,,,,,,,,,,,,,-0.26459768,
,ENSG00000086548.9,0.2539107,Z_18,,,,,,,,,,,,,,,,,,-0.2539107,
,ENSG00000211897.9,0.24854282,Z_18,,,,,,,,,,,,,,,,,,0.24854282,
,ENSG00000136986.10,0.24777105,Z_18,,,,,,,,,,,,,,,,,,-0.24777105,
,ENSG00000178878.13,0.2470158,Z_18,,,,,,,,,,,,,,,,,,0.2470158,
,ENSG00000142089.17,0.24037085,Z_18,,,,,,,,,,,,,,,,,,-0.24037085,
,ENSG00000127125.9,0.23864913,Z_18,,,,,,,,,,,,,,,,,,-0.23864913,
,ENSG00000122034.17,0.23669532,Z_18,,,,,,,,,,,,,,,,,,-0.23669532,
,ENSG00000141934.10,0.2360117,Z_18,,,,,,,,,,,,,,,,,,-0.2360117,
,ENSG00000100526.20,0.23318665,Z_18,,,,,,,,,,,,,,,,,,-0.23318665,
,ENSG00000173467.9,0.2298484,Z_18,,,,,,,,,,,,,,,,,,0.2298484,
,ENSG00000138772.13,0.22883767,Z_18,,,,,,,,,,,,,,,,,,-0.22883767,
,ENSG00000206503.13,0.22648568,Z_18,,,,,,,,,,,,,,,,,,-0.22648568,
,ENSG00000140279.13,0.22311793,Z_18,,,,,,,,,,,,,,,,,,-0.22311793,
,ENSG00000211896.7,0.22259308,Z_18,,,,,,,,,,,,,,,,,,0.22259308,
,ENSG00000129538.14,0.22238609,Z_18,,,,,,,,,,,,,,,,,,-0.22238609,
,ENSG00000114315.4,0.22196423,Z_18,,,,,,,,,,,,,,,,,,0.22196423,
,ENSG00000108055.10,0.22000206,Z_18,,,,,,,,,,,,,,,,,,-0.22000206,
,ENSG00000086065.14,0.2180575,Z_18,,,,,,,,,,,,,,,,,,-0.2180575,
,ENSG00000241186.10,0.21767715,Z_18,,,,,,,,,,,,,,,,,,-0.21767715,
,ENSG00000159182.5,0.21738212,Z_18,,,,,,,,,,,,,,,,,,0.21738212,
,ENSG00000170606.15,0.21625422,Z_18,,,,,,,,,,,,,,,,,,-0.21625422,
,ENSG00000110442.12,0.20947343,Z_18,,,,,,,,,,,,,,,,,,-0.20947343,
,ENSG00000147804.10,0.20880912,Z_18,,,,,,,,,,,,,,,,,,-0.20880912,
,ENSG00000139508.15,0.20367834,Z_18,,,,,,,,,,,,,,,,,,-0.20367834,
,ENSG00000134057.15,0.20347157,Z_18,,,,,,,,,,,,,,,,,,0.20347157,
,ENSG00000166143.10,0.20157617,Z_18,,,,,,,,,,,,,,,,,,-0.20157617,
,ENSG00000137364.5,0.20152801,Z_18,,,,,,,,,,,,,,,,,,-0.20152801,
,ENSG00000211592.8,0.19974042,Z_18,,,,,,,,,,,,,,,,,,0.19974042,
,ENSG00000135916.16,0.19963859,Z_18,,,,,,,,,,,,,,,,,,-0.19963859,
,ENSG00000161055.4,0.19695938,Z_18,,,,,,,,,,,,,,,,,,-0.19695938,
,ENSG00000101911.13,0.1969317,Z_18,,,,,,,,,,,,,,,,,,-0.1969317,
,ENSG00000181019.13,0.19671337,Z_18,,,,,,,,,,,,,,,,,,-0.19671337,
,ENSG00000137547.9,0.19658095,Z_18,,,,,,,,,,,,,,,,,,-0.19658095,
,ENSG00000089685.15,0.1945744,Z_18,,,,,,,,,,,,,,,,,,0.1945744,
,ENSG00000091138.13,0.19318815,Z_18,,,,,,,,,,,,,,,,,,-0.19318815,
,ENSG00000151490.15,0.19196767,Z_18,,,,,,,,,,,,,,,,,,-0.19196767,
,ENSG00000173467.9,0.39067855,Z_19,,,,,,,,,,,,,,,,,,,0.39067855
,ENSG00000204397.9,0.33796757,Z_19,,,,,,,,,,,,,,,,,,,0.33796757
,ENSG00000160551.12,0.3297641,Z_19,,,,,,,,,,,,,,,,,,,0.3297641
,ENSG00000148450.13,0.32099724,Z_19,,,,,,,,,,,,,,,,,,,0.32099724
,ENSG00000211592.8,0.2868362,Z_19,,,,,,,,,,,,,,,,,,,0.2868362
,ENSG00000108244.17,0.28682423,Z_19,,,,,,,,,,,,,,,,,,,0.28682423
,ENSG00000115457.10,0.28335768,Z_19,,,,,,,,,,,,,,,,,,,0.28335768
,ENSG00000141753.7,0.27508438,Z_19,,,,,,,,,,,,,,,,,,,0.27508438
,ENSG00000237643.2,0.26828864,Z_19,,,,,,,,,,,,,,,,,,,0.26828864
,ENSG00000166710.21,0.26323476,Z_19,,,,,,,,,,,,,,,,,,,0.26323476
,ENSG00000105388.16,0.2588309,Z_19,,,,,,,,,,,,,,,,,,,0.2588309
,ENSG00000155850.8,0.2500705,Z_19,,,,,,,,,,,,,,,,,,,-0.2500705
,ENSG00000141738.14,0.24988045,Z_19,,,,,,,,,,,,,,,,,,,0.24988045
,ENSG00000206503.13,0.24750686,Z_19,,,,,,,,,,,,,,,,,,,0.24750686
,ENSG00000150782.12,0.24330568,Z_19,,,,,,,,,,,,,,,,,,,0.24330568
,ENSG00000166557.14,0.23739076,Z_19,,,,,,,,,,,,,,,,,,,0.23739076
,ENSG00000050405.13,0.235866,Z_19,,,,,,,,,,,,,,,,,,,-0.235866
,ENSG00000244509.4,0.23420021,Z_19,,,,,,,,,,,,,,,,,,,-0.23420021
,ENSG00000127125.9,0.23332445,Z_19,,,,,,,,,,,,,,,,,,,0.23332445
,ENSG00000173702.7,0.2318572,Z_19,,,,,,,,,,,,,,,,,,,0.2318572
,ENSG00000156603.19,0.23009531,Z_19,,,,,,,,,,,,,,,,,,,0.23009531
,ENSG00000177984.7,0.22799896,Z_19,,,,,,,,,,,,,,,,,,,-0.22799896
,ENSG00000103355.14,0.22772,Z_19,,,,,,,,,,,,,,,,,,,0.22772
,ENSG00000197273.4,0.22586732,Z_19,,,,,,,,,,,,,,,,,,,-0.22586732
,ENSG00000187840.5,0.22151388,Z_19,,,,,,,,,,,,,,,,,,,0.22151388
,ENSG00000171202.7,0.2158242,Z_19,,,,,,,,,,,,,,,,,,,0.2158242
,ENSG00000196954.14,0.21471354,Z_19,,,,,,,,,,,,,,,,,,,0.21471354
,ENSG00000158050.5,0.2146618,Z_19,,,,,,,,,,,,,,,,,,,-0.2146618
,ENSG00000198786.2,0.21449248,Z_19,,,,,,,,,,,,,,,,,,,-0.21449248
,ENSG00000168955.4,0.2123644,Z_19,,,,,,,,,,,,,,,,,,,0.2123644
,ENSG00000163032.12,0.21203803,Z_19,,,,,,,,,,,,,,,,,,,0.21203803
,ENSG00000079385.23,0.21165644,Z_19,,,,,,,,,,,,,,,,,,,0.21165644
,ENSG00000088325.16,0.2110024,Z_19,,,,,,,,,,,,,,,,,,,0.2110024
,ENSG00000159182.5,0.21039023,Z_19,,,,,,,,,,,,,,,,,,,-0.21039023
,ENSG00000014216.16,0.20869377,Z_19,,,,,,,,,,,,,,,,,,,0.20869377
,ENSG00000111665.12,0.20715024,Z_19,,,,,,,,,,,,,,,,,,,0.20715024
,ENSG00000072274.13,0.20590624,Z_19,,,,,,,,,,,,,,,,,,,-0.20590624
,ENSG00000148346.12,0.20572473,Z_19,,,,,,,,,,,,,,,,,,,-0.20572473
,ENSG00000079459.13,0.20487191,Z_19,,,,,,,,,,,,,,,,,,,-0.20487191
,ENSG00000154978.13,0.20456071,Z_19,,,,,,,,,,,,,,,,,,,-0.20456071
,ENSG00000204525.17,0.20217241,Z_19,,,,,,,,,,,,,,,,,,,0.20217241
,ENSG00000272398.6,0.20126027,Z_19,,,,,,,,,,,,,,,,,,,0.20126027
,ENSG00000204389.10,0.19977155,Z_19,,,,,,,,,,,,,,,,,,,-0.19977155
,ENSG00000167797.8,0.19944118,Z_19,,,,,,,,,,,,,,,,,,,0.19944118
,ENSG00000021300.14,0.19938575,Z_19,,,,,,,,,,,,,,,,,,,0.19938575
,ENSG00000101333.18,0.1984702,Z_19,,,,,,,,,,,,,,,,,,,-0.1984702
,ENSG00000159658.15,0.19823112,Z_19,,,,,,,,,,,,,,,,,,,0.19823112
,ENSG00000182240.16,0.19793041,Z_19,,,,,,,,,,,,,,,,,,,0.19793041
,ENSG00000100526.20,0.19733828,Z_19,,,,,,,,,,,,,,,,,,,0.19733828
,ENSG00000156587.16,0.19388351,Z_19,,,,,,,,,,,,,,,,,,,0.19388351
